,Daily Time Spent on Site,Age,Area Income,Daily Internet Usage,Gender,Month,Week,Day,category_Bank,category_Electronic,category_Fashion,category_Finance,category_Food,category_Furniture,category_Health,category_House,category_Otomotif,category_Travel,Clicked on Ad
0,68.95,35,432837300,256.09,0,3,12,6,0,0,0,0,0,1,0,0,0,0,0
1,80.23,31,479092950,193.77,1,4,14,0,0,0,0,0,1,0,0,0,0,0,0
2,69.47,26,418501580,236.5,0,3,10,6,0,1,0,0,0,0,0,0,0,0,0
3,74.15,29,383643260,245.89,1,1,1,6,0,0,0,0,0,0,0,1,0,0,0
4,68.37,35,517229930,225.58,0,6,22,4,0,0,0,1,0,0,0,0,0,0,0
5,59.99,23,418330920,226.74,1,5,20,3,0,0,0,0,0,0,0,0,0,1,0
6,88.91,33,376969950,208.36,0,1,4,3,0,1,0,0,0,0,0,0,0,0,0
7,66,48,172153310,131.76,1,3,10,0,0,0,0,0,0,0,1,0,0,0,1
8,74.53,30,482034000,221.51,1,4,16,0,1,0,0,0,0,0,0,0,0,0,0
9,69.88,20,389496240,183.82,1,7,28,0,0,0,0,0,0,0,1,0,0,0,0
10,47.64,49,319427570,122.02,0,3,11,2,0,0,0,0,1,0,0,0,0,0,1
11,83.07,37,437437070,230.87,1,5,18,6,0,0,0,0,0,0,0,0,0,1,0
12,69.57,48,361458440,113.12,1,6,22,4,0,0,0,0,0,0,0,0,0,1,1
13,79.52,24,362177410,214.23,0,4,16,2,0,0,0,0,0,0,0,1,0,0,0
14,42.95,33,216832000,143.56,0,3,12,3,0,0,0,0,1,0,0,0,0,0,1
15,63.45,23,365275610,140.64,1,3,10,2,0,0,0,0,0,0,0,1,0,0,1
16,55.39,37,167558020,129.41,0,1,4,5,0,0,0,1,0,0,0,0,0,0,1
17,82.03,41,500577560,187.53,0,5,18,0,0,0,0,0,0,0,1,0,0,0,0
18,54.7,36,217612780,179.8636198,1,2,6,5,0,0,0,0,0,0,0,0,0,1,1
19,74.58,40,166752040,135.51,1,2,8,5,0,0,1,0,0,0,0,0,0,0,1
20,77.22,30,453616310,224.44,1,1,1,1,0,0,0,0,0,0,0,1,0,0,0
21,84.59,35,420108990,226.54,1,3,11,4,0,0,0,0,0,0,0,0,0,1,0
22,41.49,52,228449900,164.83,0,5,20,4,0,1,0,0,0,0,0,0,0,0,1
23,87.29,36,431401040,209.93,1,3,12,2,0,0,0,1,0,0,0,0,0,0,0
24,41.39,41,482736240,167.22,0,6,24,0,0,1,0,0,0,0,0,0,0,0,1
25,64.92952381,28,453796000,204.79,1,5,21,4,0,0,0,0,0,0,0,0,1,0,0
26,48.53,28,266469560,134.14,1,2,6,0,0,0,0,0,0,0,0,0,0,1,1
27,51.95,52,408070740,129.23,0,7,29,1,0,1,0,0,0,0,0,0,0,0,1
28,70.2,34,228962580,119.2,0,4,15,3,0,0,0,0,0,0,0,1,0,0,1
29,76.02,22,323259790,209.82,0,1,4,2,0,0,0,0,0,0,0,0,1,0,0
30,67.64,35,360312960,267.01,1,7,26,5,0,0,0,0,0,0,0,1,0,0,0
31,86.41,28,319157510,207.48,1,3,9,1,0,0,0,0,0,0,0,0,0,1,0
32,59.05,57,399068320,169.23,1,7,28,4,0,0,1,0,0,0,0,0,0,0,1
33,55.6,23,211595860,212.58,0,1,2,3,0,0,0,0,1,0,0,0,0,0,1
34,57.64,57,319066440,133.81,1,3,11,1,0,0,0,0,0,0,0,0,1,0,1
35,84.37,30,429726500,201.58,0,4,15,1,0,0,0,0,0,0,0,0,0,1,0
36,62.26,53,397395530,125.45,1,4,14,3,0,0,0,0,0,1,0,0,0,0,1
37,65.82,39,535047100,221.94,0,2,6,1,1,0,0,0,0,0,0,0,0,0,0
38,50.43,46,401981090,119.32,1,5,18,5,0,0,0,0,0,1,0,0,0,0,1
39,64.92952381,39,192558870,162.08,0,3,10,4,0,0,0,0,0,0,0,0,0,1,1
40,84.98,29,403843650,202.61,0,4,17,2,0,1,0,0,0,0,0,0,0,0,0
41,64.24,30,418489260,252.36,0,4,15,5,0,0,0,0,0,0,0,0,1,0,0
42,82.52,32,466006730,198.11,1,5,18,6,0,0,0,0,0,0,0,0,0,1,0
43,81.38,31,454507270,212.3,0,2,6,0,0,0,0,0,0,0,0,1,0,0,0
44,80.47,25,402637480,204.86,0,2,6,3,0,0,0,0,0,0,0,0,1,0,0
45,37.68,52,375028360,172.83,1,2,7,2,0,0,0,0,1,0,0,0,0,0,1
46,69.62,20,399068320,202.25,1,2,8,4,0,0,0,1,0,0,0,0,0,0,0
47,85.4,43,469411040,198.72,0,6,23,2,1,0,0,0,0,0,0,0,0,0,0
48,44.33,37,369063380,123.72,1,1,1,4,0,0,0,0,0,1,0,0,0,0,1
49,48.01,46,380002700,119.93,0,4,17,0,0,0,0,0,0,1,0,0,0,0,1
50,73.18,23,430683750,196.71,1,4,14,0,0,0,0,0,1,0,0,0,0,0,0
51,79.94,28,409682280,225.29,0,5,18,1,0,0,0,0,1,0,0,0,0,0,0
52,33.33,45,373450770,193.58,1,1,2,6,0,0,0,0,0,0,0,1,0,0,1
53,50.33,50,438602710,133.2,1,3,9,2,0,0,0,0,0,0,0,1,0,0,1
54,62.31,47,439057990,119.3,0,2,6,6,0,0,0,0,0,0,1,0,0,0,1
55,80.6,31,472357340,177.55,0,4,14,3,0,0,0,0,0,0,0,1,0,0,0
56,65.19,36,526784160,150.61,0,2,7,2,1,0,0,0,0,0,0,0,0,0,1
57,44.98,49,366356480,129.31,0,4,14,6,0,1,0,0,0,0,0,0,0,0,1
58,77.63,29,392793590,239.22,0,2,6,6,0,0,0,0,0,0,0,1,0,0,0
59,41.82,41,173970300,156.36,0,5,21,3,0,0,0,0,0,0,0,1,0,0,1
60,85.61,27,333958940,183.43,0,4,17,5,0,0,0,0,0,0,1,0,0,0,0
61,85.84,34,452582620,192.93,1,6,24,2,0,0,0,0,0,0,1,0,0,0,0
62,72.08,29,498599080,169.5,0,3,10,2,0,0,0,0,0,0,0,1,0,0,0
63,64.92952381,32,431207350,179.8636198,1,3,13,3,0,0,0,1,0,0,0,0,0,0,0
64,45.96,45,463970220,141.22,0,6,22,4,0,1,0,0,0,0,0,0,0,0,1
65,62.42,29,517376300,198.5,1,3,10,3,0,0,0,0,1,0,0,0,0,0,0
66,63.89,40,359221310,105.22,0,1,1,4,0,0,1,0,0,0,0,0,0,0,1
67,35.33,32,360571260,200.22,0,6,22,6,0,0,0,0,0,0,0,0,1,0,1
68,75.74,25,427041090,215.25,1,1,2,5,0,0,1,0,0,0,0,0,0,0,0
69,78.53,34,227758860,131.72,0,4,16,4,0,0,1,0,0,0,0,0,0,0,1
70,46.13,31,421742790,139.01,0,2,5,0,1,0,0,0,0,0,0,0,0,0,1
71,69.01,46,521806670,222.63,0,7,27,3,0,0,1,0,0,0,0,0,0,0,0
72,55.35,39,528567270,153.17,1,3,10,1,0,0,1,0,0,0,0,0,0,0,1
73,33.21,43,298552240,167.07,1,5,19,1,0,0,0,0,0,1,0,0,0,0,1
74,38.46,42,407281280,145.98,1,4,14,2,0,0,0,0,0,0,1,0,0,0,1
75,64.1,22,423260040,215.93,0,4,13,4,0,0,0,0,1,0,0,0,0,0,0
76,49.81,35,399068320,120.06,1,1,1,1,0,0,0,0,0,0,0,0,1,0,1
77,82.73,33,381790920,238.99,1,5,20,4,1,0,0,0,0,0,0,0,0,0,0
78,56.14,38,228823280,113.53,1,2,5,2,0,0,0,0,1,0,0,0,0,0,1
79,55.13,45,389241440,111.71,0,2,7,2,0,0,1,0,0,0,0,0,0,0,1
80,78.11,27,443078090,209.25,1,1,4,5,0,0,0,0,1,0,0,0,0,0,0
81,73.46,28,459574290,222.75,1,5,19,6,1,0,0,0,0,0,0,0,0,0,0
82,56.64,38,431567710,115.91,0,1,1,1,0,0,0,0,0,0,1,0,0,0,1
83,68.94,54,215083820,138.71,0,4,16,1,0,0,0,0,0,0,0,1,0,0,1
84,70.79,31,521751580,184.1,0,3,11,1,0,0,1,0,0,0,0,0,0,0,0
85,57.76,41,335033510,105.15,0,6,23,6,0,0,0,1,0,0,0,0,0,0,1
86,77.51,36,515201960,200.55,0,7,26,4,0,0,0,0,0,0,1,0,0,0,0
87,52.7,34,409807580,118.6,1,5,18,6,0,0,1,0,0,0,0,0,0,0,1
88,57.7,34,298876690,109.07,0,3,11,0,1,0,0,0,0,0,0,0,0,0,1
89,56.89,37,261343460,109.29,1,5,21,2,0,0,0,0,1,0,0,0,0,0,1
90,69.9,43,399068320,138.35,0,5,19,4,0,0,1,0,0,0,0,0,0,0,1
91,55.79,24,416850350,149.67,0,2,7,5,0,0,0,0,1,0,0,0,0,0,1
92,70.03,26,449849750,227.72,1,5,20,6,0,0,0,0,1,0,0,0,0,0,0
93,50.08,40,449035020,125.85,1,4,14,6,0,0,0,1,0,0,0,0,0,0,1
94,43.67,31,179804380,166.29,1,2,8,6,0,0,0,0,0,0,0,1,0,0,1
95,72.84,26,370777540,238.63,0,7,27,4,0,0,0,1,0,0,0,0,0,0,0
96,45.72,36,157311560,154.02,1,4,16,1,0,0,0,0,0,0,0,0,0,1,1
97,39.94,41,454490330,156.3,0,1,1,4,0,1,0,0,0,0,0,0,0,0,1
98,35.61,46,363081950,158.22,0,3,13,0,0,0,0,0,0,0,0,1,0,0,1
99,79.71,34,486197810,179.8636198,1,7,26,5,0,1,0,0,0,0,0,0,0,0,0
100,41.49,53,223633550,169.18,0,7,26,6,0,0,0,0,0,1,0,0,0,0,1
101,63.6,23,363053390,235.28,1,6,22,2,0,0,0,0,0,0,0,1,0,0,0
102,89.91,40,417154920,194.23,0,7,27,5,0,0,0,0,0,0,0,0,0,1,0
103,68.18,21,338632980,218.17,1,2,6,1,0,0,0,0,0,0,0,0,0,1,0
104,66.49,20,398193180,202.16,0,6,23,4,0,0,0,0,0,0,0,0,1,0,0
105,80.49,40,470305780,229.12,1,2,6,6,0,0,0,0,0,0,0,0,1,0,0
106,72.23,25,325905440,241.03,1,7,27,1,0,0,0,0,0,1,0,0,0,0,0
107,42.39,42,465787350,150.99,0,4,17,3,0,0,0,0,0,0,1,0,0,0,1
108,47.53,30,232806630,135.18,0,4,13,6,0,0,0,0,1,0,0,0,0,0,1
109,74.02,32,505910300,210.54,0,3,10,2,0,0,0,0,0,0,0,0,1,0,0
110,64.92952381,60,422333660,176.98,0,1,2,5,1,0,0,0,0,0,0,0,0,0,1
111,63.24,53,456603910,235.78,1,7,26,6,0,0,0,0,1,0,0,0,0,0,1
112,71,22,392471660,211.87,0,3,11,0,0,0,0,0,0,0,0,1,0,0,0
113,46.13,46,264871040,123.64,1,1,1,5,0,0,0,0,0,0,0,0,0,1,1
114,69,32,508783450,221.21,1,2,6,3,0,0,0,0,1,0,0,0,0,0,0
115,76.99,31,397108460,244.34,1,6,25,2,0,0,0,0,1,0,0,0,0,0,0
116,72.6,55,467708780,162.95,0,7,28,2,0,1,0,0,0,0,0,0,0,0,1
117,61.88,42,421564640,112.19,1,7,29,5,0,0,0,0,0,0,0,1,0,0,1
118,84.45,50,208094530,207.18,0,7,28,2,0,0,1,0,0,0,0,0,0,0,1
119,88.97,45,344889860,152.49,0,6,23,5,0,0,0,0,1,0,0,0,0,0,1
120,86.19,31,403685870,210.26,1,5,18,6,0,0,0,0,0,0,0,0,1,0,0
121,49.58,26,397542250,231.94,0,4,14,3,0,0,0,1,0,0,0,0,0,0,0
122,77.65,27,442924160,212.79,0,2,5,3,0,0,0,0,0,0,0,1,0,0,0
123,37.75,36,248267600,225.24,0,2,8,4,0,0,0,0,0,1,0,0,0,0,1
124,62.33,43,481509630,127.11,0,6,25,1,0,0,0,0,0,1,0,0,0,0,1
125,79.57,31,428593130,230.93,0,5,20,1,0,0,0,1,0,0,0,0,0,0,0
126,80.31,44,394568160,127.07,0,4,16,0,0,0,0,0,0,0,0,0,1,0,1
127,89.05,45,405079080,206.98,0,4,13,6,0,0,0,0,0,1,0,0,0,0,0
128,70.41,27,466327470,223.03,0,4,14,0,0,0,0,0,0,0,0,0,1,0,0
129,67.36,37,511731290,233.56,0,7,27,2,0,0,0,1,0,0,0,0,0,0,0
130,46.98,50,151514370,175.37,0,5,18,2,0,1,0,0,0,0,0,0,0,0,1
131,41.67,36,376719140,132.55,0,6,24,0,0,0,0,0,0,0,1,0,0,0,1
132,51.24,36,534578170,176.73,0,1,0,6,0,0,0,0,0,0,1,0,0,0,1
133,75.7,29,473434080,215.44,0,1,2,3,0,0,0,0,0,1,0,0,0,0,0
134,43.49,47,352348220,127.83,0,1,2,1,0,0,0,0,0,0,0,0,0,1,1
135,49.89,39,123969860,160.03,1,4,15,5,0,0,0,0,0,0,0,0,0,1,1
136,38.37,36,288604120,140.46,0,5,19,4,0,0,0,1,0,0,0,0,0,0,1
137,38.52,38,298068610,137.28,1,3,12,6,0,0,0,0,0,0,0,0,0,1,1
138,71.89,23,431325860,172.81,1,2,5,2,0,0,0,0,0,1,0,0,0,0,0
139,75.8,38,494029200,146.19,1,4,16,0,0,0,0,0,1,0,0,0,0,0,0
140,83.86,31,448856520,190.25,0,2,5,4,1,0,0,0,0,0,0,0,0,0,0
141,37.51,30,364681240,163,1,3,12,0,0,0,0,0,0,0,0,1,0,0,1
142,55.6,44,461676320,124.38,1,6,24,1,0,0,0,1,0,0,0,0,0,0,1
143,83.67,44,421349040,234.26,1,2,5,5,0,0,0,1,0,0,0,0,0,0,0
144,69.08,41,542220490,210.6,0,3,10,5,0,0,0,0,0,1,0,0,0,0,0
145,37.47,44,320015360,141.89,1,1,4,1,0,0,0,0,0,0,1,0,0,0,1
146,56.04,49,455846020,128.95,1,2,5,6,0,0,0,0,0,0,0,0,1,0,1
147,70.92,41,349969410,108.16,1,5,18,3,0,0,0,0,0,0,1,0,0,0,1
148,49.78,46,502029570,152.24,0,6,26,2,0,0,0,0,0,0,0,0,0,1,1
149,68.61,57,432392380,150.29,0,4,14,6,0,0,0,0,0,0,0,0,1,0,1
150,58.18,25,483789880,176.28,1,2,6,2,0,0,0,0,0,1,0,0,0,0,0
151,64.92952381,35,507674020,172.1,0,5,21,5,0,0,0,0,0,0,0,0,1,0,0
152,37,48,257476660,158.22,1,3,12,3,0,0,0,0,0,0,0,0,1,0,1
153,65.4,33,466893840,247.31,0,2,6,4,0,0,0,0,0,1,0,0,0,0,0
154,79.52,27,450014460,183.48,1,6,23,4,0,0,0,1,0,0,0,0,0,0,0
155,87.98,38,396463130,222.11,1,3,13,3,0,0,0,0,0,1,0,0,0,0,0
156,44.64,36,390513060,127.01,0,2,6,6,0,0,0,0,0,0,0,1,0,0,1
157,41.73,28,427996310,202.18,1,1,1,3,1,0,0,0,0,0,0,0,0,0,1
158,80.46,27,399068320,179.8636198,1,2,5,3,1,0,0,0,0,0,0,0,0,0,0
159,75.55,36,512644090,159.24,0,5,19,0,0,0,0,0,1,0,0,0,0,0,1
160,76.32,35,519163680,195.31,1,6,25,3,0,0,0,0,1,0,0,0,0,0,0
161,82.68,33,438687130,222.77,1,6,25,0,0,0,0,0,0,0,0,1,0,0,0
162,72.01,31,404298230,251,0,2,9,0,0,0,1,0,0,0,0,0,0,0,0
163,75.83,24,406137480,162.44,0,1,2,6,0,0,0,0,0,1,0,0,0,0,0
164,41.28,50,356720560,140.39,0,1,4,4,0,0,0,0,0,0,1,0,0,0,1
165,34.66,32,337726200,194.83,0,7,28,3,0,0,0,0,0,0,0,0,0,1,1
166,66.18,55,197902880,143.42,0,1,1,6,0,0,1,0,0,0,0,0,0,0,1
167,86.06,31,376369840,219.72,1,4,17,3,0,0,1,0,0,0,0,0,0,0,0
168,59.59,42,305634700,104.78,1,7,27,2,0,0,0,0,0,0,1,0,0,0,1
169,86.69,34,435670060,198.56,0,5,21,4,1,0,0,0,0,0,0,0,0,0,0
170,43.77,52,343210210,138.55,1,1,4,0,0,0,1,0,0,0,0,0,0,0,1
171,71.84,47,532024290,199.79,1,5,18,6,0,0,0,0,0,1,0,0,0,0,0
172,80.23,31,476663950,196.23,0,3,11,5,0,0,0,0,0,1,0,0,0,0,0
173,74.41,26,450770950,163.05,0,7,29,5,0,0,0,0,0,0,0,1,0,0,0
174,63.36,48,490372890,137.43,0,6,25,3,0,1,0,0,0,0,0,0,0,0,1
175,71.74,35,506967790,227.56,0,7,29,1,0,0,0,0,0,0,0,0,1,0,0
176,60.72,44,300970600,105.69,0,2,8,6,0,0,0,0,0,0,0,0,1,0,1
177,72.04,22,399068320,199.43,0,2,6,2,0,0,0,0,0,0,0,1,0,0,0
178,44.57,31,268448460,133.17,1,3,12,6,0,0,1,0,0,0,0,0,0,0,1
179,85.86,34,441807380,208.23,0,5,21,0,0,0,0,0,0,0,0,0,1,0,0
180,39.85,38,219403730,145.96,0,1,0,6,0,0,1,0,0,0,0,0,0,0,1
181,84.53,27,285341910,168.34,0,1,1,0,1,0,0,0,0,0,0,0,0,0,1
182,62.95,60,257265680,157.04,0,5,21,1,0,0,0,0,0,0,0,0,1,0,1
183,67.58,41,455312130,255.61,1,2,5,0,1,0,0,0,0,0,0,0,0,0,0
184,85.56,29,375711560,210.46,0,6,22,6,0,0,0,0,0,1,0,0,0,0,0
185,46.88,54,304114020,136.64,0,2,5,3,0,0,0,0,0,1,0,0,0,0,1
186,46.31,57,309739640,153.98,1,3,12,3,0,0,0,0,0,0,0,1,0,0,1
187,77.95,31,438010160,233.65,1,6,22,3,0,0,0,0,0,0,0,0,0,1,0
188,84.73,30,278883850,153.76,0,2,7,6,0,0,0,1,0,0,0,0,0,0,1
189,39.86,36,228155130,145.85,0,6,25,6,0,0,0,0,0,0,0,0,0,1,1
190,50.08,30,291409020,123.91,0,1,0,6,0,0,0,0,0,1,0,0,0,0,1
191,60.23,35,303196110,106.86,0,3,10,1,0,0,0,0,0,1,0,0,0,0,1
192,60.7,49,300954360,110.57,1,6,24,6,0,0,0,0,0,0,0,1,0,0,1
193,43.67,53,322030170,143.79,1,7,29,3,0,0,0,0,0,0,0,0,0,1,1
194,77.2,33,345278360,254.05,1,2,6,4,0,0,0,0,0,0,1,0,0,0,0
195,71.86,32,361433380,116.53,0,5,20,1,0,1,0,0,0,0,0,0,0,0,1
196,44.78,45,443541280,137.24,1,7,27,5,0,0,0,0,0,1,0,0,0,0,1
197,78.57,36,448321510,239.32,1,3,12,6,1,0,0,0,0,0,0,0,0,0,0
198,73.41,31,511345100,201.26,1,1,2,5,0,0,0,1,0,0,0,0,0,0,0
199,77.05,27,466372200,191.14,0,1,3,3,0,0,0,1,0,0,0,0,0,0,0
200,66.4,40,542974950,214.42,0,6,22,6,0,0,0,0,0,0,0,0,0,1,0
201,69.35,29,374019450,252.77,1,2,6,5,0,0,0,0,0,0,1,0,0,0,0
202,35.65,40,218860250,172.58,1,5,19,1,0,0,0,0,0,0,0,0,1,0,1
203,70.04,31,523465180,183.85,1,3,12,6,0,0,0,1,0,0,0,0,0,0,0
204,69.78,29,492870770,218.79,0,5,21,1,0,0,0,0,0,0,0,0,1,0,0
205,58.22,29,261416680,120.9,0,2,6,3,0,0,0,0,0,1,0,0,0,0,1
206,76.9,28,462754880,212.67,0,4,16,4,0,0,1,0,0,0,0,0,0,0,0
207,84.08,30,436354730,187.36,1,1,2,2,0,0,0,0,0,0,0,0,1,0,0
208,59.51,58,273928480,140.83,0,6,24,3,0,0,0,0,0,1,0,0,0,0,1
209,40.15,38,271217030,134.88,1,6,26,0,0,0,0,0,0,0,0,1,0,0,1
210,76.81,28,456205540,217.85,1,7,26,6,0,0,0,0,0,0,0,0,0,1,0
211,41.89,38,479639720,163.38,0,2,5,2,0,0,0,0,1,0,0,0,0,0,1
212,76.87,27,383423390,235.35,1,5,21,6,0,0,0,0,0,0,1,0,0,0,0
213,67.28,43,533728720,155.8,1,4,13,6,0,0,0,0,0,0,0,0,0,1,1
214,81.98,40,458233440,229.22,0,4,15,4,0,0,0,0,1,0,0,0,0,0,0
215,66.01,23,238890470,151.95,0,6,25,1,0,0,0,0,1,0,0,0,0,0,1
216,61.57,53,246777860,125.94,1,3,11,0,0,0,0,0,0,0,1,0,0,0,1
217,53.3,34,314255970,111.94,0,5,18,4,0,0,1,0,0,0,0,0,0,0,1
218,34.87,40,417347140,200.23,0,6,23,6,0,0,0,0,0,0,1,0,0,0,1
219,43.6,38,145995780,170.49,0,1,2,0,0,0,0,0,0,0,0,0,0,1,1
220,77.88,37,387473870,254.57,0,7,26,5,0,0,1,0,0,0,0,0,0,0,0
221,75.83,27,472612490,200.59,0,3,9,4,0,0,0,0,0,0,1,0,0,0,0
222,49.95,39,481164250,136.59,0,3,12,3,0,0,0,0,1,0,0,0,0,0,1
223,60.94,41,538256880,154.97,0,2,6,6,0,0,0,0,1,0,0,0,0,0,1
224,89.15,42,419206060,171.07,0,4,17,0,0,0,0,0,0,0,0,1,0,0,0
225,78.7,30,374091830,133.99,0,2,6,2,0,0,0,0,0,0,0,0,1,0,1
226,57.35,29,289494170,119.84,0,4,16,5,0,0,1,0,0,0,0,0,0,0,1
227,34.86,38,349598620,154.75,0,6,24,5,0,1,0,0,0,0,0,0,0,0,1
228,70.68,31,521010560,199.08,0,7,28,6,0,0,0,0,1,0,0,0,0,0,0
229,76.06,23,410435410,201.04,0,4,17,2,0,0,0,0,0,0,0,1,0,0,0
230,66.67,33,508955090,228.03,1,4,16,3,0,1,0,0,0,0,0,0,0,0,0
231,46.77,32,217650510,136.4,1,3,12,2,0,0,1,0,0,0,0,0,0,0,1
232,62.42,38,521116260,143.94,0,7,29,1,0,0,0,0,0,0,0,0,1,0,1
233,78.32,28,345163980,239.52,0,6,25,6,1,0,0,0,0,0,0,0,0,0,1
234,37.32,50,397145980,199.25,1,3,13,2,0,0,0,1,0,0,0,0,0,0,1
235,40.42,45,281286250,133.9,1,3,11,2,0,0,0,0,0,1,0,0,0,0,1
236,76.77,36,408438870,123.51,0,5,18,2,1,0,0,0,0,0,0,0,0,0,1
237,65.65,30,505469930,158.05,0,7,26,5,0,1,0,0,0,0,0,0,0,0,0
238,74.32,33,434420770,128.17,0,5,21,0,0,0,0,1,0,0,0,0,0,0,1
239,73.27,32,469794220,234.75,1,1,4,4,1,0,0,0,0,0,0,0,0,0,0
240,80.03,44,168210420,150.84,0,7,29,5,0,0,0,0,0,0,1,0,0,0,1
241,53.68,47,393266510,115.26,1,2,7,1,0,0,1,0,0,0,0,0,0,0,1
242,85.84,32,435434510,192.85,1,6,23,3,0,0,0,0,0,0,0,0,0,1,0
243,85.03,30,422608480,204.52,0,6,24,6,0,0,0,0,0,0,0,0,1,0,0
244,70.44,24,456961120,178.75,1,6,23,0,0,0,0,0,1,0,0,0,0,0,0
245,81.22,53,240164680,223.09,1,1,1,3,0,0,0,0,0,0,0,0,0,1,0
246,39.96,45,417275670,146.13,1,4,15,4,1,0,0,0,0,0,0,0,0,0,1
247,57.05,41,351952230,179.8636198,1,1,1,5,0,0,0,0,1,0,0,0,0,0,1
248,42.44,56,304150770,168.27,0,2,6,2,0,0,0,0,0,0,0,0,1,0,1
249,62.2,25,177857470,161.16,0,4,16,6,0,0,0,0,1,0,0,0,0,0,1
250,76.7,36,497955430,222.25,0,6,23,6,0,1,0,0,0,0,0,0,0,0,0
251,61.22,45,447186670,119.03,1,1,1,1,0,0,1,0,0,0,0,0,0,0,1
252,84.54,33,454317290,204.02,1,3,9,2,0,0,0,0,0,0,0,1,0,0,0
253,46.08,30,467493670,164.63,1,7,29,3,0,0,0,0,1,0,0,0,0,0,1
254,56.7,48,439493950,123.13,0,1,1,5,0,0,0,0,0,0,0,1,0,0,1
255,81.03,28,446092500,201.15,0,1,1,2,0,1,0,0,0,0,0,0,0,0,0
256,64.92952381,32,431257610,231.42,0,1,4,6,0,0,1,0,0,0,0,0,0,0,0
257,40.06,38,397475260,138.68,1,6,23,5,0,0,0,0,0,1,0,0,0,0,1
258,83.47,39,451134390,226.11,0,5,19,6,1,0,0,0,0,0,0,0,0,0,0
259,73.84,31,294300650,121.05,0,6,24,5,0,0,0,0,1,0,0,0,0,0,1
260,74.65,28,473683420,212.56,0,3,11,3,0,0,0,1,0,0,0,0,0,0,0
261,60.25,35,384131650,109.77,0,6,26,2,0,0,0,0,0,0,0,1,0,0,1
262,59.21,35,513433690,144.62,1,2,5,1,0,0,1,0,0,0,0,0,0,0,1
263,43.02,44,351398390,125.22,0,4,15,2,0,0,0,0,0,0,1,0,0,0,1
264,84.04,38,355065690,244.55,0,7,29,2,0,0,0,0,0,0,1,0,0,0,0
265,70.66,43,444156720,120.95,1,2,8,4,0,0,0,0,0,1,0,0,0,0,1
266,70.58,26,396858840,136.94,0,2,8,4,0,0,0,0,0,0,0,0,1,0,1
267,72.44,34,493830120,230.14,0,4,15,4,0,0,0,0,0,0,0,1,0,0,0
268,40.17,26,331743650,171.31,1,2,5,0,0,0,0,0,0,0,0,1,0,0,1
269,79.15,26,436185610,203.23,0,1,3,2,0,0,0,0,0,0,0,1,0,0,0
270,44.49,53,441700910,168,1,4,16,5,0,0,0,0,0,0,0,1,0,0,1
271,73.04,37,515812500,221.79,1,6,24,6,0,0,0,0,0,0,1,0,0,0,0
272,76.28,33,368805290,254.34,0,2,7,0,0,0,0,0,0,0,0,0,0,1,0
273,68.88,37,546836500,179.58,0,2,6,1,0,0,0,1,0,0,0,0,0,0,0
274,73.1,28,399103880,242.37,0,1,4,0,0,0,1,0,0,0,0,0,0,0,0
275,47.66,29,189604800,156.54,0,7,29,0,0,0,0,1,0,0,0,0,0,0,1
276,87.3,35,408360260,216.87,0,1,1,5,0,0,0,1,0,0,0,0,0,0,0
277,89.34,32,351512070,177.78,1,3,12,0,1,0,0,0,0,0,0,0,0,0,0
278,81.37,26,371346080,156.48,1,2,7,0,0,0,0,0,0,0,1,0,0,0,0
279,81.67,28,440495720,196.76,1,3,9,4,1,0,0,0,0,0,0,0,0,0,0
280,46.37,52,229932710,144.27,0,1,1,1,0,0,0,0,0,0,0,0,1,0,1
281,54.88,24,224047740,148.61,0,5,19,6,0,0,1,0,0,0,0,0,0,0,1
282,40.67,35,342391490,133.18,0,5,18,3,0,0,1,0,0,0,0,0,0,0,1
283,71.76,35,484999830,237.39,0,5,21,3,0,0,0,0,0,1,0,0,0,0,0
284,47.51,51,375903990,130.41,1,5,20,5,0,0,0,0,0,0,0,0,0,1,1
285,75.15,22,364077000,212.87,1,5,18,2,0,0,0,0,1,0,0,0,0,0,0
286,56.01,26,324374750,127.26,0,7,27,1,0,0,0,0,0,0,1,0,0,0,1
287,82.87,37,475571390,213.36,0,6,26,1,1,0,0,0,0,0,0,0,0,0,0
288,45.05,42,464442650,141.36,0,5,18,3,0,0,1,0,0,0,0,0,0,0,1
289,60.53,24,468117300,167.22,0,3,12,4,0,0,0,0,0,0,0,0,1,0,1
290,50.52,31,505896160,171.62,0,1,3,5,0,0,0,0,0,0,1,0,0,0,1
291,84.71,32,431270350,210.23,0,5,21,6,0,0,0,0,1,0,0,0,0,0,0
292,55.2,39,535924130,159.46,1,5,22,0,1,0,0,0,0,0,0,0,0,0,1
293,81.61,33,438672570,228.76,0,4,15,6,0,0,0,0,0,0,1,0,0,0,0
294,71.55,36,529812220,163.99,1,7,29,2,0,1,0,0,0,0,0,0,0,0,0
295,82.4,36,467212550,218.97,1,6,26,2,0,0,0,0,0,1,0,0,0,0,0
296,73.95,35,474003740,238.58,0,4,14,6,1,0,0,0,0,0,0,0,0,0,0
297,72.07,31,487973570,226.45,0,4,15,5,0,0,0,0,0,1,0,0,0,0,0
298,80.39,31,463886430,214.74,0,5,18,1,0,0,0,0,0,0,1,0,0,0,0
299,65.8,25,425903240,231.49,1,3,11,4,0,1,0,0,0,0,0,0,0,0,0
300,69.97,28,385291200,250,0,5,20,6,0,0,0,0,0,0,1,0,0,0,0
301,52.62,50,517042750,176.52,0,2,5,0,0,0,0,1,0,0,0,0,0,0,1
302,39.25,39,436646350,152.36,0,1,3,5,0,0,0,0,0,0,0,0,1,0,1
303,77.56,38,443357950,130.83,1,5,20,3,0,0,0,0,0,1,0,0,0,0,1
304,33.52,43,295341270,165.56,0,5,19,0,0,0,0,0,0,1,0,0,0,0,1
305,79.81,24,393361920,178.85,1,5,22,1,0,0,0,1,0,0,0,0,0,0,1
306,84.79,33,432403300,214.53,0,3,13,2,0,0,0,0,0,0,0,0,1,0,0
307,82.7,35,429686530,231.07,0,1,1,5,1,0,0,0,0,0,0,0,0,0,0
308,84.88,32,447473740,186.48,0,4,16,0,1,0,0,0,0,0,0,0,0,0,0
309,54.92,54,167827450,161.16,0,6,24,0,0,0,0,1,0,0,0,0,0,0,1
310,76.56,34,491253770,221.53,1,4,16,5,0,0,0,0,0,0,1,0,0,0,0
311,69.74,49,465673600,243.37,0,3,12,6,0,0,0,0,0,0,1,0,0,0,0
312,75.55,22,292959660,169.4,0,2,7,4,0,0,0,1,0,0,0,0,0,0,1
313,72.19,33,428926260,250.35,1,5,20,3,0,0,0,0,0,1,0,0,0,0,0
314,84.29,41,424468660,232.54,0,1,4,2,0,0,0,0,0,0,1,0,0,0,0
315,73.89,39,330123710,110.68,0,4,16,2,1,0,0,0,0,0,0,0,0,0,1
316,75.84,21,339760260,186.98,0,2,5,6,1,0,0,0,0,0,0,0,0,0,0
317,73.38,25,371412370,236.19,1,4,16,3,0,0,0,0,0,0,0,0,0,1,0
318,80.72,31,480304860,186.37,0,4,16,1,0,0,0,0,0,0,0,0,1,0,0
319,62.06,44,309219750,105,0,4,15,1,0,0,0,0,0,0,1,0,0,0,1
320,51.5,34,469351120,135.31,0,3,11,1,0,0,0,0,0,0,0,0,1,0,1
321,90.97,37,381640980,180.77,0,2,7,1,1,0,0,0,0,0,0,0,0,0,0
322,86.78,30,384666940,170.13,1,2,7,3,0,0,0,0,0,1,0,0,0,0,0
323,66.18,35,486334940,243.61,0,3,12,4,0,0,0,1,0,0,0,0,0,0,0
324,84.33,41,384929510,240.95,0,3,11,2,0,1,0,0,0,0,0,0,0,0,0
325,36.87,36,205790270,195.91,0,1,4,3,0,0,1,0,0,0,0,0,0,0,1
326,34.78,48,300029940,208.21,1,3,12,3,0,0,0,0,0,0,1,0,0,0,1
327,76.84,32,461183730,231.59,0,3,9,3,0,0,1,0,0,0,0,0,0,0,0
328,67.05,25,457949730,220.92,0,2,8,4,0,0,0,0,0,0,0,0,0,1,0
329,41.47,31,426677510,219.79,0,7,27,2,0,0,1,0,0,0,0,0,0,0,1
330,80.71,26,409335990,200.58,0,6,25,4,0,0,1,0,0,0,0,0,0,0,0
331,80.09,31,466457880,214.08,0,5,21,0,0,0,0,0,0,1,0,0,0,0,0
332,56.3,49,472016720,135.24,1,2,5,2,0,0,0,0,0,0,0,0,0,1,1
333,79.36,34,400822870,245.78,1,4,17,3,0,0,0,0,0,0,0,0,0,1,0
334,86.38,40,464515240,188.27,1,3,11,5,0,0,1,0,0,0,0,0,0,0,0
335,38.94,41,403109000,142.67,1,7,28,4,1,0,0,0,0,0,0,0,0,0,1
336,87.26,35,441423850,184.03,0,5,19,3,0,0,0,0,0,0,0,1,0,0,0
337,75.32,28,419989500,233.6,1,1,0,4,0,0,1,0,0,0,0,0,0,0,0
338,74.38,40,518172270,220.05,1,3,10,6,0,0,0,0,0,0,0,1,0,0,0
339,65.9,22,423854620,211.39,0,7,28,5,0,0,1,0,0,0,0,0,0,0,0
340,36.31,47,405883100,168.92,0,4,16,0,0,0,0,0,0,0,0,1,0,0,1
341,72.23,48,369154310,115.35,0,7,28,6,0,0,1,0,0,0,0,0,0,0,1
342,88.12,38,326576250,230.91,0,2,7,2,0,0,0,0,1,0,0,0,0,0,0
343,83.97,28,398907110,205.5,1,6,24,3,1,0,0,0,0,0,0,0,0,0,0
344,61.09,26,387353260,131.68,1,4,14,5,0,0,0,0,0,1,0,0,0,0,1
345,65.77,21,295140300,218.61,1,3,11,4,0,0,0,1,0,0,0,0,0,0,0
346,81.58,25,277893910,199.39,0,5,19,2,0,1,0,0,0,0,0,0,0,0,0
347,37.87,52,394763740,188.56,1,5,21,2,0,0,0,0,0,0,0,0,1,0,1
348,76.2,37,525310450,178.51,0,2,9,0,0,1,0,0,0,0,0,0,0,0,0
349,60.91,19,373167270,184.94,0,6,23,3,0,0,0,0,0,0,0,0,0,1,1
350,74.49,28,412972840,237.34,0,1,4,5,0,0,0,0,0,0,1,0,0,0,0
351,73.71,23,396235840,211.38,1,2,7,0,0,1,0,0,0,0,0,0,0,0,0
352,78.19,30,437331930,228.81,0,1,4,6,0,0,0,0,1,0,0,0,0,0,0
353,79.54,44,493448200,217.68,1,1,1,1,0,0,0,0,0,0,1,0,0,0,0
354,74.87,52,305889710,126.97,0,5,22,1,0,0,0,0,0,0,0,0,0,1,1
355,87.09,36,404162570,221.98,1,4,16,3,0,0,0,0,0,0,0,0,1,0,0
356,37.45,47,218967070,167.86,0,4,14,6,0,1,0,0,0,0,0,0,0,0,1
357,49.84,39,320603360,111.59,0,2,6,1,0,0,0,0,1,0,0,0,0,0,1
358,51.38,59,296537430,158.56,0,6,24,4,0,0,0,0,0,0,0,1,0,0,1
359,83.4,34,466838610,207.87,0,5,20,6,0,1,0,0,0,0,0,0,0,0,0
360,38.91,33,394588180,150.8,1,7,28,2,0,0,0,0,0,0,1,0,0,0,1
361,62.14,41,415785230,110.93,1,1,3,5,0,0,0,0,0,0,0,0,1,0,1
362,79.72,28,462175770,193.8,1,5,20,4,0,0,1,0,0,0,0,0,0,0,0
363,73.3,36,477479450,135.72,1,1,4,5,1,0,0,0,0,0,0,0,0,0,1
364,64.92952381,42,515262930,231.48,1,4,16,3,0,0,0,0,0,0,0,1,0,0,0
365,71.9,54,428602720,140.15,1,4,16,4,0,0,0,0,0,1,0,0,0,0,1
366,72.45,29,506281370,195.36,1,1,2,0,0,0,0,0,0,0,0,0,0,1,0
367,77.07,40,311916010,261.02,0,3,9,1,0,0,0,0,0,0,1,0,0,0,0
368,74.62,36,512450050,217.79,0,4,14,0,0,0,0,0,0,0,0,0,1,0,0
369,82.07,25,327054490,205.38,1,6,25,0,0,0,0,0,1,0,0,0,0,0,0
370,58.6,50,317803500,113.7,0,1,4,3,0,0,0,0,0,1,0,0,0,0,1
371,36.08,45,289920890,151.47,1,7,26,6,0,0,0,0,0,0,0,0,1,0,1
372,79.44,26,425918850,206.79,0,5,19,6,0,0,0,0,0,0,1,0,0,0,0
373,41.73,47,425689390,144.71,0,4,14,4,0,0,0,1,0,0,0,0,0,0,1
374,73.19,25,449875160,203.74,1,1,3,1,0,0,0,0,1,0,0,0,0,0,0
375,77.6,24,407063090,197.33,1,5,21,3,0,1,0,0,0,0,0,0,0,0,0
376,89,37,364554260,222.26,1,1,4,1,0,0,0,0,0,1,0,0,0,0,0
377,69.2,42,182167930,123.8,0,6,24,4,0,0,0,0,0,0,0,0,0,1,1
378,67.56,31,436228660,125.45,0,4,17,0,0,0,0,0,1,0,0,0,0,0,1
379,81.11,39,393515990,248.19,1,7,28,2,0,0,0,0,0,1,0,0,0,0,0
380,80.22,30,432644170,224.58,0,7,27,1,0,0,0,0,0,0,0,1,0,0,0
381,43.63,41,361635680,123.25,1,3,11,1,1,0,0,0,0,0,0,0,0,0,1
382,77.66,29,469566580,168.15,0,6,24,6,0,0,0,0,0,0,0,0,1,0,0
383,74.63,26,363827870,235.99,1,7,27,1,0,0,0,0,0,0,1,0,0,0,0
384,49.67,27,196133630,153.69,0,5,19,0,0,1,0,0,0,0,0,0,0,0,1
385,80.59,37,474211920,224.23,0,7,29,3,1,0,0,0,0,0,0,0,0,0,0
386,83.49,33,466018000,190.75,1,6,22,4,1,0,0,0,0,0,0,0,0,0,0
387,44.46,42,213412360,132.66,1,1,2,4,0,0,1,0,0,0,0,0,0,0,1
388,68.1,40,524323870,227.73,1,2,5,4,0,0,0,0,1,0,0,0,0,0,0
389,63.88,38,139942040,136.85,0,2,9,0,0,0,0,0,0,0,1,0,0,0,1
390,78.83,36,462354410,234.64,1,5,18,6,0,0,1,0,0,0,0,0,0,0,0
391,79.97,44,493143280,216,0,7,28,2,0,0,0,0,0,0,0,1,0,0,0
392,80.51,28,448059850,200.28,1,1,1,4,1,0,0,0,0,0,0,0,0,0,0
393,62.26,26,491426180,202.77,0,6,23,2,1,0,0,0,0,0,0,0,0,0,0
394,66.99,47,190837570,124.44,1,6,24,2,0,0,0,0,0,0,0,0,1,0,1
395,71.05,20,346810870,204.22,1,6,24,0,0,0,0,0,1,0,0,0,0,0,0
396,42.05,51,198500890,174.55,1,6,25,0,0,0,0,0,0,0,0,0,1,0,1
397,50.52,28,468503210,219.69,0,4,13,6,0,0,0,0,0,0,0,1,0,0,1
398,76.24,40,528673460,198.32,1,5,22,1,1,0,0,0,0,0,0,0,0,0,0
399,77.29,27,463857380,201.24,1,2,7,0,1,0,0,0,0,0,0,0,0,0,0
400,35.98,47,391955760,165.52,1,3,10,3,0,0,0,0,0,0,0,1,0,0,1
401,84.95,34,394655100,230.36,0,2,8,4,0,0,0,0,0,1,0,0,0,0,0
402,39.34,43,218511160,148.93,0,4,15,6,0,0,0,0,0,0,1,0,0,0,1
403,87.23,29,357105770,202.12,0,3,12,5,0,0,0,0,0,0,0,0,1,0,0
404,57.24,52,325311980,117.35,1,6,26,2,0,0,0,0,0,0,0,0,0,1,1
405,81.58,41,388357340,248.16,0,1,4,2,0,0,0,0,0,0,0,0,0,1,0
406,56.34,50,480995900,139.02,1,3,11,3,0,0,0,0,0,0,0,1,0,0,1
407,48.73,27,239338610,142.04,0,7,27,5,0,0,0,0,0,1,0,0,0,0,1
408,51.68,49,399068320,258.62,0,6,26,1,0,0,0,1,0,0,0,0,0,0,1
409,35.34,45,326856320,152.86,0,6,24,5,0,1,0,0,0,0,0,0,0,0,1
410,48.09,33,135417520,180.42,0,5,21,5,0,1,0,0,0,0,0,0,0,0,1
411,78.68,29,463580040,208.05,0,1,2,5,0,0,0,0,0,0,0,0,1,0,0
412,68.82,20,270264400,205.64,1,7,28,0,0,0,0,1,0,0,0,0,0,0,0
413,56.99,40,263992610,108.15,0,7,28,5,0,0,0,1,0,0,0,0,0,0,1
414,86.63,39,446349960,209.64,1,4,14,2,0,0,0,0,1,0,0,0,0,0,0
415,41.18,43,293065850,129.25,1,7,27,1,0,0,0,1,0,0,0,0,0,0,1
416,71.03,32,404926760,120.85,0,2,7,2,0,0,0,0,0,0,0,1,0,0,1
417,72.92,29,486001110,217.1,1,3,11,1,0,0,0,1,0,0,0,0,0,0,0
418,77.14,24,421987860,184.88,1,1,3,3,0,0,0,0,0,0,1,0,0,0,0
419,60.7,43,555326310,192.6,1,6,23,0,0,0,0,0,0,1,0,0,0,0,0
420,34.3,41,372173760,160.74,1,5,20,0,0,0,0,0,0,0,0,0,1,0,1
421,83.71,45,451948490,220.48,1,4,15,6,0,0,0,0,0,0,0,0,1,0,0
422,53.38,35,425623590,120.06,1,3,13,2,0,0,0,1,0,0,0,0,0,0,1
423,58.03,31,198711940,129.33,0,6,26,2,0,0,0,0,0,0,0,0,1,0,1
424,43.59,36,411948390,132.31,1,5,21,3,0,0,0,0,0,0,0,1,0,0,1
425,60.07,42,461743590,120.75,1,4,15,4,0,0,0,0,0,0,0,0,0,1,1
426,54.43,37,526261400,154.74,1,5,22,1,0,0,0,0,1,0,0,0,0,0,1
427,81.99,33,428890980,230.9,0,2,7,0,0,0,1,0,0,0,0,0,0,0,0
428,60.53,29,397316360,123.28,0,5,19,0,0,1,0,0,0,0,0,0,0,0,1
429,84.69,31,323124410,231.85,1,7,27,3,0,0,0,0,0,1,0,0,0,0,0
430,88.72,32,307093570,211.87,1,1,0,6,0,0,0,0,0,0,1,0,0,0,0
431,88.89,35,353076430,218.8,1,7,28,6,0,0,0,0,0,0,1,0,0,0,0
432,69.58,43,196201180,255.07,0,4,14,0,0,0,0,0,0,0,0,1,0,0,1
433,85.23,36,449670970,212.92,1,2,8,5,0,0,0,1,0,0,0,0,0,0,0
434,83.55,39,460714660,221.18,1,6,23,2,0,0,0,0,0,0,0,0,1,0,0
435,56.66,42,508791080,139.42,0,2,7,5,0,0,0,1,0,0,0,0,0,0,1
436,56.39,27,271721800,248.12,1,3,12,2,0,1,0,0,0,0,0,0,0,0,0
437,76.24,27,447835080,214.42,0,6,23,1,0,0,1,0,0,0,0,0,0,0,0
438,57.64,36,260487780,110.25,1,1,3,0,0,0,1,0,0,0,0,0,0,0,1
439,78.18,23,368842530,167.67,0,6,23,3,0,0,0,0,0,0,0,0,0,1,0
440,46.04,32,458499510,147.92,0,5,22,0,1,0,0,0,0,0,0,0,0,0,1
441,79.4,35,447767040,236.87,0,4,13,4,0,0,0,0,0,0,0,0,1,0,0
442,36.44,39,366806160,147.64,1,5,22,1,0,0,0,1,0,0,0,0,0,0,1
443,53.14,38,343780290,109,1,7,26,6,0,0,0,0,1,0,0,0,0,0,1
444,32.84,40,288630230,171.72,0,3,10,3,1,0,0,0,0,0,0,0,0,0,1
445,73.72,32,364980280,256.4,1,3,11,4,0,0,1,0,0,0,0,0,0,0,0
446,38.1,34,424487630,214.38,1,5,22,0,0,0,0,1,0,0,0,0,0,0,1
447,73.93,44,519260350,218.22,0,2,7,5,0,0,0,1,0,0,0,0,0,0,0
448,51.87,50,363089090,119.65,0,3,10,3,0,0,0,0,1,0,0,0,0,0,1
449,77.69,22,341968060,169.88,1,6,25,1,0,0,0,0,0,0,0,1,0,0,0
450,43.41,28,414008140,160.73,0,2,5,4,0,1,0,0,0,0,0,0,0,0,1
451,55.92,24,237661410,145.08,0,5,22,1,0,0,0,0,0,0,0,0,1,0,1
452,80.67,34,412365520,239.76,0,1,0,4,0,1,0,0,0,0,0,0,0,0,0
453,83.42,25,348953640,183.42,1,3,9,4,0,0,0,0,0,0,1,0,0,0,0
454,82.12,52,200759510,201.15,1,2,5,2,0,0,1,0,0,0,0,0,0,0,1
455,66.17,33,399068320,238.45,0,1,3,2,0,0,1,0,0,0,0,0,0,0,0
456,43.01,35,338433480,127.37,0,6,23,5,0,0,0,0,0,0,1,0,0,0,1
457,80.05,25,321719020,219.94,1,3,10,1,0,0,1,0,0,0,0,0,0,0,0
458,64.88,42,490038570,129.8,1,2,6,6,1,0,0,0,0,0,0,0,0,0,1
459,79.82,26,360588620,223.28,1,7,28,6,0,0,0,0,1,0,0,0,0,0,0
460,48.03,40,179191250,134.6,1,6,22,3,0,1,0,0,0,0,0,0,0,0,1
461,32.99,45,344980090,177.46,0,4,17,5,0,0,0,1,0,0,0,0,0,0,1
462,74.88,27,470681750,175.17,1,4,15,6,0,0,0,0,0,0,0,1,0,0,0
463,36.49,52,294954310,196.61,1,3,10,2,0,0,1,0,0,0,0,0,0,0,1
464,88.04,45,438128880,191.17,1,3,10,0,0,0,0,0,0,0,1,0,0,0,0
465,45.7,33,471690170,151.12,1,5,21,3,0,1,0,0,0,0,0,0,0,0,1
466,82.38,35,179227510,159.6,0,7,29,0,0,0,1,0,0,0,0,0,0,0,1
467,52.68,23,277312000,149.2,1,7,28,5,0,0,0,0,0,1,0,0,0,0,1
468,65.59,47,197860670,121.81,0,3,12,1,0,0,1,0,0,0,0,0,0,0,1
469,65.65,25,447158040,224.92,1,6,22,4,0,1,0,0,0,0,0,0,0,0,0
470,43.84,36,494149670,167.42,0,6,26,1,0,0,0,0,0,0,0,1,0,0,1
471,67.69,37,534857330,216.57,0,7,29,0,0,0,0,0,0,0,0,0,1,0,0
472,78.37,24,385105560,207.27,0,1,3,5,0,0,1,0,0,0,0,0,0,0,0
473,81.46,29,361452840,231.54,0,2,9,0,0,0,0,0,0,1,0,0,0,0,0
474,47.48,31,205514400,141.34,0,6,26,3,0,0,0,0,0,0,0,0,1,0,1
475,75.15,33,499076690,219.49,1,6,24,6,1,0,0,0,0,0,0,0,0,0,0
476,78.76,24,324959320,219.98,1,1,1,4,0,1,0,0,0,0,0,0,0,0,0
477,44.96,50,369614000,132.71,1,1,0,5,0,0,0,0,0,0,0,0,1,0,1
478,39.56,41,414704220,143.13,1,5,19,4,0,0,0,0,0,0,0,1,0,0,1
479,39.76,28,247453850,196.83,1,2,6,0,0,0,0,0,0,0,1,0,0,0,1
480,57.11,22,417743480,207.17,1,6,23,1,0,0,1,0,0,0,0,0,0,0,0
481,83.26,40,491579200,187.76,1,1,0,5,0,1,0,0,0,0,0,0,0,0,0
482,69.42,25,460538190,213.38,0,2,6,5,0,0,0,0,0,0,1,0,0,0,0
483,50.6,30,239337910,129.88,1,5,18,1,0,0,0,1,0,0,0,0,0,0,1
484,46.2,37,359207660,119.3,0,4,13,6,0,0,0,0,0,0,0,1,0,0,1
485,66.88,35,439536720,119.47,1,3,12,2,0,0,1,0,0,0,0,0,0,0,1
486,83.97,40,464041690,158.42,1,2,5,1,0,0,0,0,0,0,0,1,0,0,0
487,76.56,30,476211260,213.75,0,3,10,1,1,0,0,0,0,0,0,0,0,0,0
488,35.49,48,307821430,159.77,0,4,14,4,0,0,0,0,1,0,0,0,0,0,1
489,80.29,31,346202360,244.87,1,6,26,3,1,0,0,0,0,0,0,0,0,0,0
490,50.19,40,237910890,117.3,0,3,12,4,0,0,0,0,0,0,0,1,0,0,1
491,59.12,33,197470210,179.8636198,0,5,19,3,0,0,0,1,0,0,0,0,0,0,1
492,59.88,30,528745980,193.63,1,3,9,2,0,0,0,0,0,1,0,0,0,0,0
493,59.7,28,344109500,120.25,0,5,19,1,0,0,0,1,0,0,0,0,0,0,1
494,67.8,30,278667830,117.75,1,3,9,3,0,0,0,0,0,0,0,1,0,0,1
495,81.59,35,460785710,223.16,0,7,27,0,0,0,0,0,0,0,0,0,0,1,0
496,81.1,29,428204490,216.49,1,7,27,4,0,0,0,0,0,1,0,0,0,0,0
497,41.7,39,300287470,126.95,0,5,21,4,0,0,0,0,0,1,0,0,0,0,1
498,73.94,27,478331070,173.49,0,2,6,2,0,0,0,0,0,0,0,0,0,1,0
499,58.35,37,491630650,132.63,0,6,23,6,0,0,0,0,1,0,0,0,0,0,1
500,51.56,46,441715330,124.85,0,1,1,3,1,0,0,0,0,0,0,0,0,0,1
501,79.81,37,362930820,253.17,0,5,19,4,0,1,0,0,0,0,0,0,0,0,0
502,66.17,26,445061540,228.7,0,5,18,0,0,0,0,0,1,0,0,0,0,0,0
503,58.21,37,333028080,105.94,0,2,5,6,0,0,0,0,1,0,0,0,0,0,1
504,66.12,49,273223230,113.8,0,2,7,0,1,0,0,0,0,0,0,0,0,0,1
505,80.47,42,493535420,215.18,1,2,7,6,0,0,1,0,0,0,0,0,0,0,0
506,77.05,31,435128820,236.64,0,3,11,6,0,0,0,0,0,0,0,0,0,1,0
507,49.99,41,427477820,121.07,0,3,12,3,0,0,0,0,0,1,0,0,0,0,1
508,80.3,58,343633570,173.43,0,4,14,0,0,1,0,0,0,0,0,0,0,0,1
509,79.36,33,436315250,234.72,1,1,0,5,0,1,0,0,0,0,0,0,0,0,0
510,57.86,30,131735380,166.86,0,7,27,4,0,0,1,0,0,0,0,0,0,0,1
511,70.29,26,434373590,231.37,1,3,13,0,0,0,0,0,1,0,0,0,0,0,0
512,84.53,33,433454420,215.18,1,7,28,0,0,0,0,0,0,0,0,1,0,0,0
513,59.13,44,346677590,106.04,1,6,23,3,1,0,0,0,0,0,0,0,0,0,1
514,81.51,41,373886240,250.03,0,5,20,3,1,0,0,0,0,0,0,0,0,0,0
515,42.94,37,396771550,130.4,1,4,15,1,0,0,0,0,0,1,0,0,0,0,1
516,84.81,32,303097410,233.93,1,7,27,0,0,0,0,1,0,0,0,0,0,0,0
517,82.79,34,335984250,132.08,0,2,5,0,0,0,0,0,0,0,0,0,1,0,1
518,59.22,55,273920710,126.39,1,1,2,2,0,0,0,0,0,0,0,0,1,0,1
519,35,40,322236110,151.25,1,6,24,5,0,0,0,0,0,0,1,0,0,0,1
520,46.61,42,460997180,136.18,0,1,0,4,0,0,0,0,0,0,0,0,1,0,1
521,63.26,29,383511590,120.46,1,3,9,2,0,0,0,0,0,0,1,0,0,0,1
522,79.16,32,486937220,202.9,1,3,13,2,0,0,0,0,0,0,0,0,1,0,0
523,67.94,43,479130190,128.16,0,5,17,6,0,0,1,0,0,0,0,0,0,0,1
524,79.91,32,439406940,230.18,1,6,24,4,0,0,0,0,0,0,0,1,0,0,0
525,66.14,41,546650650,165.27,0,3,12,2,0,0,0,0,0,0,0,1,0,0,0
526,43.65,39,445543280,138.87,0,5,18,6,0,0,0,0,0,0,1,0,0,0,1
527,59.61,21,424463340,198.45,1,4,14,2,0,0,0,0,0,0,0,0,0,1,0
528,46.61,52,190687770,156.99,0,4,14,1,0,0,0,1,0,0,0,0,0,0,1
529,89.37,34,299321540,162.03,1,4,15,5,0,0,0,0,0,0,0,0,0,1,0
530,65.1,49,416202640,118.1,1,6,22,2,0,0,0,0,0,1,0,0,0,0,1
531,53.44,42,300355230,108.17,1,4,14,0,1,0,0,0,0,0,0,0,0,0,1
532,79.53,51,322925260,244.91,0,6,25,6,1,0,0,0,0,0,0,0,0,0,0
533,91.43,39,328748770,209.91,1,7,27,3,0,1,0,0,0,0,0,0,0,0,0
534,73.57,30,492640610,212.38,0,3,11,6,0,0,1,0,0,0,0,0,0,0,0
535,78.76,32,490089810,208.02,1,4,16,2,0,0,0,0,0,0,1,0,0,0,0
536,76.49,23,395199070,181.11,0,3,12,4,0,0,0,0,0,0,0,1,0,0,0
537,61.72,26,470953420,218.49,0,2,6,6,0,0,0,0,0,0,0,1,0,0,0
538,84.53,35,399068320,236.29,0,3,12,5,0,0,0,0,0,0,1,0,0,0,0
539,72.03,34,495487580,230.95,1,7,27,1,0,1,0,0,0,0,0,0,0,0,0
540,77.47,36,493574130,222.91,1,3,11,0,0,0,0,0,0,0,0,0,1,0,0
541,75.65,39,448150850,247.9,1,5,22,0,0,0,0,0,0,1,0,0,0,0,0
542,78.15,33,504299950,194.37,0,3,10,0,0,0,0,0,1,0,0,0,0,0,0
543,63.8,38,252261310,108.7,1,3,11,5,0,0,0,0,0,1,0,0,0,0,1
544,76.59,29,472688440,211.64,0,6,24,5,0,0,0,0,0,0,0,0,1,0,0
545,42.6,55,385851550,168.29,0,7,28,0,0,0,0,0,0,0,0,1,0,0,1
546,78.77,28,444483340,211.83,0,1,0,4,0,0,0,0,1,0,0,0,0,0,0
547,83.4,39,426156360,235.01,0,4,14,3,1,0,0,0,0,0,0,0,0,0,0
548,79.53,33,430271310,236.72,0,2,8,6,0,1,0,0,0,0,0,0,0,0,0
549,73.89,35,493469480,229.99,1,6,25,6,0,0,1,0,0,0,0,0,0,0,0
550,75.8,36,498556800,224.9,0,1,3,3,0,1,0,0,0,0,0,0,0,0,0
551,81.95,31,452890060,208.76,1,5,17,6,0,0,0,0,1,0,0,0,0,0,0
552,56.39,58,225766660,154.23,0,2,6,6,0,1,0,0,0,0,0,0,0,0,1
553,44.73,35,387218790,127.56,1,1,4,2,0,0,0,0,0,0,0,0,0,1,1
554,38.35,33,332135230,145.48,1,6,24,3,0,0,0,1,0,0,0,0,0,0,1
555,72.53,37,514323740,223.93,0,7,29,3,0,0,0,0,1,0,0,0,0,0,0
556,56.2,49,374849580,114.85,1,4,16,3,0,0,0,0,0,0,0,0,1,0,1
557,79.67,28,410032840,226.79,0,7,29,2,0,0,0,0,0,0,0,1,0,0,0
558,75.42,26,443615900,164.25,1,2,8,4,0,0,1,0,0,0,0,0,0,0,0
559,78.64,31,421984290,235.28,1,1,2,5,0,0,0,0,0,0,0,1,0,0,0
560,67.69,44,261417380,109.22,0,4,13,4,0,1,0,0,0,0,0,0,0,0,1
561,38.35,41,244202070,144.69,1,6,25,4,0,0,0,0,0,1,0,0,0,0,1
562,59.52,44,472583020,251.08,1,5,21,4,0,0,0,0,0,0,0,0,0,1,0
563,62.26,37,545920970,166.19,0,5,21,3,0,0,0,0,0,0,0,0,0,1,0
564,64.75,36,441007210,117.66,0,4,14,2,0,0,0,0,0,0,0,0,0,1,1
565,79.97,26,432235860,185.45,1,1,1,4,1,0,0,0,0,0,0,0,0,0,0
566,47.9,42,339273760,114.53,0,2,8,2,0,0,0,0,0,0,0,1,0,0,1
567,80.38,30,385916720,238.06,0,3,10,3,0,0,0,0,0,0,0,1,0,0,0
568,64.51,42,556393600,190.71,1,4,17,4,0,0,0,0,0,0,0,0,0,1,0
569,71.28,37,471152010,246.72,1,4,14,6,0,0,1,0,0,0,0,0,0,0,0
570,50.32,40,195752200,125.65,0,4,17,2,0,0,0,0,0,0,1,0,0,0,1
571,72.76,33,465023090,240.63,1,5,19,1,0,0,0,0,0,1,0,0,0,0,0
572,72.8,35,444861690,249.54,0,1,0,6,0,0,0,1,0,0,0,0,0,0,0
573,74.59,23,280945420,158.35,1,2,7,0,0,0,0,1,0,0,0,0,0,0,1
574,46.66,45,343711690,118.16,0,3,10,2,0,0,0,0,0,0,0,1,0,0,1
575,48.86,54,372320830,134.46,0,1,1,5,0,0,0,0,0,1,0,0,0,0,1
576,37.05,39,348199810,142.81,1,2,5,2,0,0,0,0,0,0,0,1,0,0,1
577,81.21,36,443760870,233.04,0,1,0,5,0,0,0,0,0,0,0,0,1,0,0
578,66.89,23,451037930,208.24,1,1,1,0,0,0,0,0,0,1,0,0,0,0,0
579,68.11,38,517191360,231.21,0,1,1,3,1,0,0,0,0,0,0,0,0,0,0
580,69.15,46,254974580,112.72,0,7,29,6,0,0,0,0,0,0,1,0,0,0,1
581,65.72,36,197928360,120.12,0,2,6,5,0,0,1,0,0,0,0,0,0,0,1
582,40.04,27,336692020,161.58,0,5,18,6,0,0,0,0,1,0,0,0,0,0,1
583,68.6,33,479142580,135.08,0,2,7,2,0,0,0,0,0,0,1,0,0,0,1
584,56.16,25,465008880,164.25,1,1,3,4,0,0,0,0,1,0,0,0,0,0,1
585,78.6,46,292376910,254.59,1,7,29,2,1,0,0,0,0,0,0,0,0,0,0
586,78.29,38,404914720,252.07,0,1,1,1,0,0,0,0,0,1,0,0,0,0,0
587,43.83,45,249793740,129.01,0,1,4,4,0,0,0,1,0,0,0,0,0,0,1
588,77.31,32,439547010,238.1,0,6,24,4,0,1,0,0,0,0,0,0,0,0,0
589,39.86,28,358198610,161.24,0,2,8,1,0,0,0,0,0,0,0,0,1,0,1
590,66.77,25,411929490,141.13,0,7,27,5,0,0,0,0,0,0,0,0,1,0,1
591,57.2,42,404173210,110.66,0,3,11,5,0,0,0,0,0,0,0,0,1,0,1
592,73.15,25,452418540,211.12,1,1,4,4,0,0,0,0,0,0,0,0,1,0,0
593,82.07,24,352365510,193.97,0,6,24,1,0,0,0,0,0,0,0,1,0,0,0
594,49.84,38,474469170,135.24,1,5,20,2,0,0,0,1,0,0,0,0,0,0,1
595,43.97,36,482047650,156.97,1,1,4,5,0,1,0,0,0,0,0,0,0,0,1
596,77.25,27,391307840,231.38,1,4,17,0,0,0,0,0,0,0,0,1,0,0,0
597,74.84,37,453425700,246.44,1,1,2,3,0,0,0,0,0,1,0,0,0,0,0
598,83.53,36,473803120,204.56,0,7,27,2,0,0,0,0,0,0,1,0,0,0,0
599,38.63,48,404439770,222.11,0,4,14,3,1,0,0,0,0,0,0,0,0,0,1
600,84,48,328079710,136.21,1,4,15,6,0,0,0,0,0,0,0,1,0,0,1
601,52.13,50,286488510,118.27,1,1,4,3,0,0,0,0,0,0,0,0,0,1,1
602,71.83,40,155440180,135.48,1,2,7,3,0,1,0,0,0,0,0,0,0,0,1
603,78.36,24,412443080,196.77,1,6,25,4,0,0,0,0,0,0,0,0,0,1,0
604,50.18,35,441042980,127.82,1,6,25,0,1,0,0,0,0,0,0,0,0,0,1
605,64.67,51,170216270,138.35,1,2,6,6,0,0,1,0,0,0,0,0,0,0,1
606,69.5,26,478442930,203.84,0,2,8,5,0,0,0,0,0,0,1,0,0,0,0
607,65.22,30,463843590,240.09,1,5,18,5,0,0,0,0,0,0,0,0,1,0,0
608,62.06,40,444455200,116.27,1,3,11,2,0,0,1,0,0,0,0,0,0,0,1
609,84.29,30,398888630,160.33,1,6,25,6,0,0,0,0,0,0,0,1,0,0,1
610,32.91,37,361840850,181.02,0,7,28,6,0,0,0,0,0,0,0,0,0,1,1
611,39.5,31,349378750,148.19,1,1,4,3,0,0,0,0,0,0,0,0,1,0,1
612,75.19,31,234517990,245.76,1,6,24,3,0,0,0,0,0,0,0,1,0,0,0
613,76.21,31,460844790,228.94,1,6,24,6,0,1,0,0,0,0,0,0,0,0,0
614,67.76,31,463238790,242.59,0,5,21,1,0,0,1,0,0,0,0,0,0,0,0
615,40.01,53,360242190,161.77,0,3,9,1,0,0,0,0,0,1,0,0,0,0,1
616,52.7,41,287417480,109.34,1,1,4,6,0,0,0,0,0,0,0,1,0,0,1
617,68.41,38,429997260,259.76,0,4,17,5,0,0,0,0,0,0,0,0,0,1,0
618,35.55,39,361154220,151.18,0,1,2,2,0,0,0,0,0,0,1,0,0,0,1
619,74.54,24,402631110,179.8636198,0,3,13,2,0,0,0,0,1,0,0,0,0,0,0
620,81.75,24,368592910,190.08,0,4,17,4,0,1,0,0,0,0,0,0,0,0,0
621,87.85,31,365252860,210.27,1,6,24,1,0,0,0,0,0,0,0,0,1,0,0
622,60.23,60,323673980,151.54,1,7,28,4,0,0,1,0,0,0,0,0,0,0,1
623,87.97,35,342429850,149.25,1,3,12,3,1,0,0,0,0,0,0,0,0,0,0
624,78.17,27,456594530,192.27,1,4,17,1,1,0,0,0,0,0,0,0,0,0,0
625,67.91,23,385014350,146.8,1,1,2,1,0,1,0,0,0,0,0,0,0,0,1
626,85.77,27,365832110,191.78,1,4,14,5,0,0,0,0,0,0,1,0,0,0,0
627,41.16,49,416139080,150.83,1,3,13,0,0,0,0,0,0,0,0,0,1,0,1
628,53.54,39,331201150,108.03,0,6,25,3,0,0,0,0,0,0,0,0,1,0,1
629,73.94,26,387877420,236.15,1,1,3,6,0,0,0,1,0,0,0,0,0,0,0
630,63.43,29,465529120,236.75,1,4,15,4,0,1,0,0,0,0,0,0,0,0,0
631,84.59,36,330183980,241.8,1,4,17,1,0,0,0,0,1,0,0,0,0,0,0
632,70.13,31,496227760,224.98,0,5,20,0,0,0,0,0,0,1,0,0,0,0,0
633,40.19,37,387512160,136.99,0,1,3,0,0,1,0,0,0,0,0,0,0,0,1
634,58.95,55,393698900,131.29,1,6,25,0,0,0,0,1,0,0,0,0,0,0,1
635,35.76,51,318657080,195.07,0,7,29,0,0,1,0,0,0,0,0,0,0,0,1
636,59.36,49,328517210,110.84,0,7,26,4,0,0,0,0,0,0,0,0,1,0,1
637,91.1,40,388497830,198.13,1,3,10,0,0,0,0,0,1,0,0,0,0,0,0
638,61.04,41,530635840,149.21,0,5,18,0,0,0,0,0,1,0,0,0,0,0,1
639,74.06,23,282418430,225.99,0,7,29,5,0,0,0,0,0,0,1,0,0,0,0
640,64.63,45,109188030,158.8,1,6,23,6,0,0,0,0,0,0,1,0,0,0,1
641,81.29,28,232674400,219.72,0,2,7,0,0,0,0,0,0,0,0,0,1,0,0
642,76.07,36,476234780,235.56,0,1,3,5,0,0,0,0,0,0,1,0,0,0,0
643,75.92,22,268993620,182.65,0,2,8,4,0,0,0,0,0,0,0,0,0,1,0
644,78.35,46,372297380,253.48,0,1,2,0,0,0,0,1,0,0,0,0,0,0,0
645,46.14,28,278067790,137.97,1,4,14,0,0,0,1,0,0,0,0,0,0,0,1
646,44.33,41,303702490,120.63,0,1,2,3,0,0,0,0,0,1,0,0,0,0,1
647,46.43,28,377457010,137.2,1,4,17,0,0,0,0,0,0,1,0,0,0,0,1
648,66.04,27,503172880,199.76,0,3,9,5,0,0,1,0,0,0,0,0,0,0,0
649,84.31,29,329974470,225.87,0,1,1,2,0,0,0,0,0,1,0,0,0,0,0
650,83.66,38,482139140,175.14,0,2,7,3,0,0,0,0,0,1,0,0,0,0,0
651,81.25,33,456306060,222.35,1,4,15,5,0,0,1,0,0,0,0,0,0,0,0
652,85.26,32,387969680,224.07,1,2,8,2,0,0,0,0,0,0,1,0,0,0,0
653,86.53,46,325500770,179.8636198,0,6,26,2,0,1,0,0,0,0,0,0,0,0,0
654,64.92952381,26,411741120,224.2,1,1,1,1,0,0,0,0,0,0,1,0,0,0,0
655,52.84,43,199466470,122.31,0,7,28,5,0,0,0,1,0,0,0,0,0,0,1
656,85.24,31,399068320,182.84,0,6,24,4,0,0,0,0,0,0,0,1,0,0,0
657,74.71,46,265358030,258.06,1,6,24,0,0,0,0,0,1,0,0,0,0,0,0
658,82.95,39,488639900,201.29,0,4,14,1,0,0,0,0,0,0,0,0,0,1,0
659,76.42,26,422206330,223.16,1,4,15,6,0,0,0,0,0,0,1,0,0,0,0
660,42.04,49,471261000,182.11,0,2,5,2,0,0,0,1,0,0,0,0,0,0,1
661,46.28,26,350387310,228.78,1,4,16,0,0,0,0,1,0,0,0,0,0,0,1
662,48.26,50,305015620,122.45,1,6,24,5,1,0,0,0,0,0,0,0,0,0,1
663,71.03,55,197306550,150.77,0,3,10,5,0,1,0,0,0,0,0,0,0,0,1
664,81.37,33,464884280,215.04,0,1,2,4,0,0,1,0,0,0,0,0,0,0,0
665,58.05,32,111153700,195.54,1,2,6,4,0,0,0,0,0,0,0,1,0,0,1
666,75,29,447756120,230.36,1,2,7,1,0,0,0,0,1,0,0,0,0,0,0
667,79.61,31,408398410,235.97,0,4,14,0,0,0,0,0,0,1,0,0,0,0,0
668,52.56,31,232030330,250.36,1,4,16,6,0,0,0,1,0,0,0,0,0,0,1
669,62.18,33,461297760,126.44,0,5,20,4,0,0,0,0,0,0,0,0,0,1,1
670,77.89,26,449319500,201.54,0,5,19,6,0,0,0,0,0,0,0,1,0,0,0
671,66.08,61,412763540,184.23,1,1,1,3,0,1,0,0,0,0,0,0,0,0,1
672,89.21,33,308547680,210.53,0,7,29,1,0,0,0,0,0,1,0,0,0,0,0
673,49.96,55,426780340,151.94,1,4,14,0,0,0,0,0,0,1,0,0,0,0,1
674,77.44,28,459341750,210.39,0,6,23,4,0,1,0,0,0,0,0,0,0,0,0
675,82.58,38,458477460,225.23,1,3,10,4,0,0,0,0,0,0,0,0,0,1,0
676,39.36,29,367234280,161.79,1,1,2,3,0,1,0,0,0,0,0,0,0,0,1
677,47.23,38,494077850,149.8,1,6,25,2,0,1,0,0,0,0,0,0,0,0,1
678,87.85,34,362713890,153.01,0,3,11,5,0,1,0,0,0,0,0,0,0,0,0
679,65.57,46,163875250,130.86,0,4,15,4,0,0,0,0,0,0,0,0,1,0,1
680,78.01,26,439105800,200.71,1,3,13,0,0,0,1,0,0,0,0,0,0,0,0
681,44.15,28,342073690,141.96,1,1,3,4,0,0,0,0,0,0,0,0,1,0,1
682,43.57,36,356802110,125.2,1,6,25,5,1,0,0,0,0,0,0,0,0,0,1
683,76.83,28,475935880,192.81,0,3,9,4,0,0,0,0,0,0,1,0,0,0,0
684,42.06,34,302688330,131.55,0,6,26,2,0,0,0,0,0,0,0,1,0,0,1
685,76.27,27,420578620,226.69,1,6,24,5,0,0,0,0,0,0,0,0,0,1,0
686,74.27,37,456266790,247.05,1,1,4,6,0,0,0,0,0,0,0,0,1,0,0
687,73.27,28,471109730,216.24,1,5,20,6,1,0,0,0,0,0,0,0,0,0,0
688,74.58,36,494909170,230.52,0,7,29,4,0,1,0,0,0,0,0,0,0,0,0
689,77.5,28,426984880,225.34,1,7,28,2,0,0,0,0,0,1,0,0,0,0,0
690,87.16,33,425641510,197.15,0,2,6,3,0,0,0,0,1,0,0,0,0,0,0
691,87.16,37,399068320,231.95,1,3,11,2,0,0,1,0,0,0,0,0,0,0,0
692,66.26,47,101836420,179.04,1,4,17,0,0,0,0,0,0,0,0,1,0,0,1
693,65.15,29,289350880,117.3,0,7,28,3,0,0,0,1,0,0,0,0,0,0,1
694,68.25,33,535361120,198.86,1,5,22,0,0,0,0,0,0,1,0,0,0,0,0
695,73.49,38,469927220,244.23,0,2,6,6,0,1,0,0,0,0,0,0,0,0,0
696,39.19,54,368068120,173.05,0,1,3,5,0,0,0,0,0,0,1,0,0,0,1
697,80.15,25,386369270,214.49,0,7,29,0,0,0,0,0,0,0,0,0,1,0,0
698,64.92952381,28,340756780,189.91,0,2,6,2,0,0,0,0,0,0,0,0,0,1,0
699,73.88,29,441768180,233.61,0,1,1,0,0,0,1,0,0,0,0,0,0,0,0
700,58.6,19,311430630,197.93,1,6,22,6,0,0,0,0,0,0,0,0,1,0,0
701,69.77,54,403675930,132.27,0,6,22,2,0,0,0,0,0,1,0,0,0,0,1
702,87.27,30,362768070,204.27,1,3,9,6,0,0,0,0,0,0,1,0,0,0,1
703,77.65,28,463390620,208.01,0,2,8,4,0,0,0,0,0,0,1,0,0,0,0
704,76.02,40,512219330,219.55,0,7,28,2,0,0,0,0,1,0,0,0,0,0,0
705,78.84,26,396156600,217.66,1,6,26,2,0,1,0,0,0,0,0,0,0,0,0
706,71.33,23,217507080,169.4,0,3,11,1,0,0,0,1,0,0,0,0,0,0,1
707,81.9,41,467416810,225.47,0,6,23,5,0,0,0,1,0,0,0,0,0,0,0
708,46.89,48,507877580,176.78,1,7,28,6,0,0,0,0,0,1,0,0,0,0,1
709,77.8,57,305962160,152.94,0,2,6,6,0,0,1,0,0,0,0,0,0,0,1
710,45.44,43,339174850,119.27,0,5,18,2,0,0,1,0,0,0,0,0,0,0,1
711,69.96,31,513897090,214.06,1,5,20,4,0,0,0,0,1,0,0,0,0,0,0
712,87.35,35,406800100,158.29,1,1,4,1,0,0,1,0,0,0,0,0,0,0,0
713,49.42,53,318256750,128,1,7,27,3,0,0,1,0,0,0,0,0,0,0,1
714,71.27,21,351034040,216.03,1,1,2,0,0,0,0,0,0,0,0,1,0,0,0
715,49.19,38,427031570,123.08,0,5,19,3,0,0,0,0,0,0,0,0,0,1,1
716,39.96,35,377292230,138.52,1,2,8,6,0,0,0,0,1,0,0,0,0,0,1
717,85.01,29,418583480,192.5,0,5,18,1,0,0,0,0,0,0,1,0,0,0,0
718,68.95,51,522362890,185.85,1,3,11,1,0,0,0,1,0,0,0,0,0,0,0
719,67.59,45,410743830,113.69,0,7,29,5,0,1,0,0,0,0,0,0,0,0,1
720,75.71,34,434768600,246.06,0,3,10,4,0,0,0,0,0,0,0,0,0,1,0
721,43.07,36,424081140,137.63,1,2,6,3,0,0,0,0,0,0,0,0,1,0,1
722,39.47,43,459032350,163.48,1,7,27,2,0,0,0,1,0,0,0,0,0,0,1
723,48.22,40,517180370,214.33,0,3,12,1,0,0,0,0,1,0,0,0,0,0,0
724,76.76,25,353278520,230.77,1,5,21,3,0,0,0,1,0,0,0,0,0,0,0
725,78.74,27,359866150,234.75,0,6,24,5,0,0,0,0,0,0,1,0,0,0,0
726,67.47,24,423598350,225.05,1,3,11,6,0,0,0,1,0,0,0,0,0,0,0
727,81.17,30,400371720,231.91,1,6,22,4,0,0,0,0,0,1,0,0,0,0,0
728,89.66,34,369618060,171.23,1,2,5,2,0,0,0,0,1,0,0,0,0,0,0
729,79.6,28,395990420,227.37,1,5,18,1,0,0,0,0,0,1,0,0,0,0,0
730,65.53,19,357346290,190.17,1,6,25,0,0,1,0,0,0,0,0,0,0,0,0
731,61.87,35,466407270,250.2,1,7,27,6,0,0,0,0,0,0,0,0,1,0,0
732,83.16,41,491295420,194.95,0,1,1,0,0,0,0,0,0,0,0,1,0,0,0
733,44.11,41,301779870,121.24,1,4,16,2,0,0,0,1,0,0,0,0,0,0,1
734,56.57,26,395049200,131.98,0,1,3,5,0,1,0,0,0,0,0,0,0,0,1
735,83.91,29,372565060,222.87,0,1,1,0,0,1,0,0,0,0,0,0,0,0,0
736,79.8,28,400259370,229.88,1,4,14,4,0,0,0,0,0,0,0,0,1,0,0
737,71.23,52,290648960,122.59,0,1,1,1,0,0,0,0,0,0,0,1,0,0,1
738,47.23,43,514766630,210.87,1,3,11,3,0,1,0,0,0,0,0,0,0,0,1
739,82.37,30,445650240,179.8636198,0,6,26,2,0,0,0,0,0,0,0,1,0,0,0
740,43.63,38,432299840,135.25,1,5,21,2,1,0,0,0,0,0,0,0,0,0,1
741,70.9,28,502092570,190.95,0,6,24,4,0,0,0,0,0,0,1,0,0,0,0
742,71.9,29,505427720,193.29,1,4,16,6,0,0,0,0,0,1,0,0,0,0,0
743,64.92952381,37,354701200,105.86,1,3,11,4,0,0,1,0,0,0,0,0,0,0,1
744,67.35,29,332572940,118.69,0,4,17,3,0,0,0,0,0,0,0,0,0,1,1
745,57.99,50,437262700,124.58,0,2,6,4,0,0,0,0,1,0,0,0,0,0,1
746,66.8,29,417782120,248.51,0,7,28,0,0,0,0,0,0,0,0,1,0,0,1
747,49.13,32,287680190,120.49,0,1,4,4,0,0,0,1,0,0,0,0,0,0,1
748,45.11,58,278598110,195.69,0,1,1,1,0,0,0,0,0,0,0,1,0,0,1
749,54.35,42,538889470,164.02,0,6,25,0,0,0,0,0,0,0,0,0,0,1,0
750,61.82,59,405140050,151.93,1,2,5,5,0,0,0,0,0,0,0,0,1,0,1
751,77.75,31,413335370,240.64,1,6,25,2,0,0,0,0,0,0,0,1,0,0,0
752,70.61,28,505082760,190.12,0,4,15,5,0,0,0,0,1,0,0,0,0,0,0
753,82.72,31,459933530,179.82,0,1,2,6,0,0,0,0,0,0,1,0,0,0,0
754,76.87,36,510641320,212.59,0,7,27,4,0,1,0,0,0,0,0,0,0,0,0
755,65.07,34,517593370,227.53,1,3,10,4,0,0,0,0,0,0,1,0,0,0,0
756,56.93,37,405213480,111.8,0,6,23,4,0,0,0,0,0,0,1,0,0,0,1
757,48.86,35,437245900,128.37,1,1,1,0,0,0,0,0,1,0,0,0,0,0,1
758,36.56,29,299868030,195.89,0,1,0,4,0,0,0,1,0,0,0,0,0,0,1
759,85.73,32,306452160,147.75,1,7,27,6,0,0,0,0,1,0,0,0,0,0,1
760,75.81,40,498099350,229.19,0,3,12,6,1,0,0,0,0,0,0,0,0,0,0
761,72.94,31,519117830,190.84,0,4,17,4,0,0,0,0,0,0,0,0,0,1,0
762,53.63,54,352336040,126.29,1,1,1,4,0,0,0,0,0,0,0,0,1,0,1
763,52.35,25,233056460,147.61,1,6,22,6,0,0,0,1,0,0,0,0,0,0,1
764,52.84,51,270488400,121.57,1,6,26,2,0,0,0,0,0,0,0,0,0,1,1
765,51.58,33,348759460,115.91,0,4,16,6,0,0,0,0,0,1,0,0,0,0,1
766,42.32,29,447239030,187.09,1,2,6,6,0,0,0,0,0,0,1,0,0,0,1
767,55.04,42,307172110,106.96,1,6,24,2,0,0,0,0,0,0,0,1,0,0,1
768,68.58,41,97975500,171.54,1,7,27,2,0,0,0,0,0,0,0,0,0,1,1
769,85.54,27,341327980,175.43,1,3,13,3,0,0,0,0,0,1,0,0,0,0,0
770,71.14,30,488308170,224.82,0,6,25,1,0,0,0,0,0,0,0,1,0,0,0
771,64.38,19,367710700,180.47,1,5,21,4,0,0,0,0,0,0,0,0,0,1,0
772,88.85,40,408541840,213.96,0,1,2,6,0,0,1,0,0,0,0,0,0,0,0
773,66.79,60,424031930,198.3,1,4,14,3,0,1,0,0,0,0,0,0,0,0,1
774,32.6,45,337442280,185.47,0,5,18,0,1,0,0,0,0,0,0,0,0,0,1
775,43.88,54,220661630,166.85,1,6,22,5,0,0,0,0,0,0,1,0,0,0,1
776,56.46,26,463313060,151.63,0,4,14,3,1,0,0,0,0,0,0,0,0,0,1
777,72.18,30,486066280,225.02,0,6,23,4,0,0,0,0,0,0,0,0,0,1,0
778,52.67,44,103428500,191.26,0,5,20,3,0,0,1,0,0,0,0,0,0,0,1
779,80.55,35,476118300,219.91,0,3,13,0,0,0,0,0,0,0,0,0,0,1,0
780,67.85,41,549646930,202.7,1,1,3,3,1,0,0,0,0,0,0,0,0,0,1
781,75.55,36,223991040,123.71,1,3,10,5,0,0,0,0,0,0,0,0,1,0,1
782,80.46,29,398365100,230.78,0,6,22,5,0,0,0,0,0,0,0,0,1,0,0
783,82.69,29,428129030,167.41,1,5,21,1,0,0,0,0,0,1,0,0,0,0,0
784,35.21,39,366380700,154,1,3,12,4,0,1,0,0,0,0,0,0,0,0,1
785,36.37,40,331372580,144.53,1,4,16,4,0,0,0,0,0,0,0,0,0,1,1
786,74.07,22,356651680,165.43,1,3,12,1,0,0,0,0,0,0,0,0,0,1,0
787,59.96,33,540005270,197.66,0,1,2,3,0,0,0,0,0,0,0,0,0,1,1
788,85.62,29,399226520,195.68,0,4,15,3,0,0,0,0,0,1,0,0,0,0,0
789,40.88,33,339881150,136.18,1,5,22,1,0,0,1,0,0,0,0,0,0,0,1
790,36.98,31,276867430,167.87,1,3,11,3,0,0,0,1,0,0,0,0,0,0,1
791,35.49,47,258189610,170.04,0,4,15,2,0,0,0,0,0,0,0,0,1,0,1
792,56.56,26,481484150,204.47,1,2,5,2,0,0,0,1,0,0,0,0,0,0,0
793,36.62,32,357839510,162.44,1,2,5,1,0,0,0,0,0,1,0,0,0,0,1
794,49.35,49,310128910,119.86,0,4,14,3,0,0,0,0,0,0,0,0,1,0,1
795,75.64,29,488027330,204.82,1,3,11,1,0,0,0,0,1,0,0,0,0,0,0
796,79.22,27,444004260,198.79,1,3,10,4,0,0,1,0,0,0,0,0,0,0,0
797,77.05,34,460294520,236.08,0,5,20,1,1,0,0,0,0,0,0,0,0,0,0
798,66.83,46,545102250,196.17,1,2,8,6,0,0,0,0,0,0,1,0,0,0,0
799,76.2,24,330810130,228.81,1,3,9,2,0,0,0,0,0,1,0,0,0,0,0
800,56.64,29,391894230,123.24,1,2,8,5,1,0,0,0,0,0,0,0,0,0,1
801,53.33,34,309925910,111.63,1,3,11,0,0,0,0,0,0,0,1,0,0,0,1
802,50.63,50,180370120,142.23,0,3,10,3,0,0,0,0,1,0,0,0,0,0,1
803,41.84,49,263235770,139.32,0,5,17,6,0,0,0,0,0,0,0,1,0,0,1
804,53.92,41,180173630,125.46,1,6,23,6,1,0,0,0,0,0,0,0,0,0,1
805,83.89,28,421318660,180.88,1,5,21,5,0,0,0,0,0,0,0,0,0,1,0
806,55.32,43,473776240,127.65,0,3,11,4,0,0,0,0,0,0,0,0,1,0,1
807,53.22,44,310150260,108.85,0,5,21,3,0,0,0,0,0,0,1,0,0,0,1
808,43.16,35,177600640,156.11,1,7,27,2,0,0,0,0,1,0,0,0,0,0,1
809,67.51,43,167598270,127.2,0,4,17,4,0,0,0,0,0,0,0,1,0,0,1
810,43.16,29,354665500,143.04,1,3,9,5,0,0,0,0,0,1,0,0,0,0,1
811,79.89,30,352492420,241.38,1,5,22,0,0,0,0,0,0,0,0,0,0,1,0
812,84.25,32,447555500,170.9,1,4,14,6,0,0,0,0,0,0,0,0,0,1,0
813,74.18,28,489119260,203.87,0,1,3,2,0,0,0,0,0,0,0,1,0,0,0
814,85.78,34,350270550,232.78,0,7,29,2,0,0,0,0,0,0,0,1,0,0,0
815,80.96,39,475068650,225,1,1,2,6,0,1,0,0,0,0,0,0,0,0,0
816,36.91,48,382516400,159.69,0,2,8,2,1,0,0,0,0,0,0,0,0,0,1
817,54.47,23,327460630,141.52,0,3,12,5,0,0,0,0,0,0,0,0,1,0,1
818,81.98,34,472027430,212.88,0,6,22,5,0,0,0,0,0,0,0,0,1,0,0
819,79.6,39,513745960,194.23,0,4,16,4,0,0,0,0,0,0,0,0,0,1,0
820,57.51,38,333775960,105.71,0,3,13,3,1,0,0,0,0,0,0,0,0,0,1
821,82.3,31,397150810,232.21,0,4,15,5,0,0,0,1,0,0,0,0,0,0,0
822,73.21,30,357093590,252.6,1,5,19,3,0,0,0,0,0,0,0,0,0,1,1
823,79.09,32,486372950,209.72,1,5,18,5,0,0,0,0,0,0,0,1,0,0,0
824,68.47,28,469233380,226.64,0,6,25,5,0,1,0,0,0,0,0,0,0,0,0
825,83.69,36,481019000,192.57,0,3,12,2,0,0,0,0,0,0,0,0,1,0,0
826,83.48,31,415386930,222.72,1,3,9,4,0,0,0,0,0,0,0,1,0,0,0
827,43.49,45,335778240,124.67,0,6,24,1,0,0,0,1,0,0,0,0,0,0,1
828,66.69,35,341312440,108.27,0,5,19,2,1,0,0,0,0,0,0,0,0,0,1
829,48.46,49,428610210,132.38,1,1,3,3,0,1,0,0,0,0,0,0,0,0,1
830,42.51,30,383289970,144.77,1,1,2,4,0,0,0,0,1,0,0,0,0,0,1
831,42.83,34,380273110,132.38,1,4,16,5,1,0,0,0,0,0,0,0,0,0,1
832,41.46,42,365241800,128.98,1,5,21,0,0,1,0,0,0,0,0,0,0,0,1
833,45.99,33,358141980,124.61,1,2,8,5,0,0,0,0,0,0,1,0,0,0,1
834,68.72,27,468031690,225.97,0,2,8,1,0,0,0,1,0,0,0,0,0,0,0
835,63.11,34,441755160,254.94,1,3,11,3,0,0,0,0,1,0,0,0,0,0,0
836,49.21,46,344444800,115.6,0,2,8,6,0,0,0,0,0,0,0,0,1,0,1
837,55.77,49,391594280,117.33,1,3,11,1,0,0,0,0,0,1,0,0,0,0,1
838,44.13,40,235212880,128.48,1,3,9,3,0,0,0,0,0,0,0,0,0,1,1
839,57.82,46,342071520,107.56,1,4,14,2,0,0,1,0,0,0,0,0,0,0,1
840,72.46,40,396783240,113.53,0,5,17,6,0,1,0,0,0,0,0,0,0,0,1
841,61.88,45,267826230,108.18,0,5,22,0,0,0,0,0,0,0,0,1,0,0,1
842,78.24,23,378743470,199.29,0,4,14,0,0,0,0,0,0,0,0,1,0,0,0
843,74.61,38,497386540,231.28,1,4,14,2,1,0,0,0,0,0,0,0,0,0,0
844,89.18,37,324822260,224.01,1,4,17,1,0,0,0,0,0,0,0,0,0,1,0
845,44.16,42,431836510,133.42,1,5,21,2,0,0,0,0,0,0,0,1,0,0,1
846,55.74,37,182916510,124.34,1,2,6,3,0,0,0,0,0,0,0,0,1,0,1
847,88.82,36,410471250,169.1,0,1,4,5,0,0,1,0,0,0,0,0,0,0,0
848,70.39,32,331501730,261.52,1,7,28,1,0,0,1,0,0,0,0,0,0,0,0
849,59.05,52,350603190,118.45,1,4,16,5,0,0,0,0,0,0,1,0,0,0,1
850,78.58,33,362408060,250.11,1,4,15,5,0,1,0,0,0,0,0,0,0,0,0
851,35.11,35,333468100,158.03,1,3,10,4,0,0,0,0,0,0,0,0,1,0,1
852,60.39,45,272911940,108.25,1,3,9,2,0,0,0,1,0,0,0,0,0,0,1
853,81.56,26,359542120,213.7,1,7,28,2,0,0,0,1,0,0,0,0,0,0,0
854,75.03,34,250351430,255.57,0,5,21,6,0,0,0,0,0,0,0,0,1,0,1
855,50.87,24,440576500,190.41,0,5,19,1,0,0,0,0,1,0,0,0,0,0,1
856,82.8,30,411436690,223.2,1,5,18,5,1,0,0,0,0,0,0,0,0,0,0
857,78.51,25,413742840,205.71,1,1,2,6,0,0,0,0,0,1,0,0,0,0,0
858,37.65,51,353199070,161.29,1,3,10,2,0,1,0,0,0,0,0,0,0,0,1
859,83.17,43,379762460,244.4,1,4,14,1,0,0,0,0,0,0,0,0,1,0,0
860,91.37,45,363443430,182.65,1,4,13,4,0,0,0,0,0,0,0,1,0,0,1
861,68.25,29,492273600,220.08,0,2,7,0,1,0,0,0,0,0,0,0,0,0,0
862,81.32,25,366913260,165.65,0,3,10,1,0,0,0,1,0,0,0,0,0,0,0
863,76.64,39,399068320,241.5,1,2,6,1,0,0,0,1,0,0,0,0,0,0,0
864,74.06,50,426571110,246.29,1,6,24,4,0,0,0,0,1,0,0,0,0,0,0
865,39.53,33,281706740,142.21,1,6,22,2,0,0,0,0,0,0,0,0,1,0,1
866,86.58,32,421062390,195.93,1,2,8,4,0,1,0,0,0,0,0,0,0,0,0
867,90.75,40,321621160,216.5,0,3,10,4,0,0,0,1,0,0,0,0,0,0,0
868,67.71,25,444012310,225.76,1,4,17,3,0,0,0,0,0,1,0,0,0,0,0
869,82.41,36,461179670,222.08,0,4,15,1,0,0,1,0,0,0,0,0,0,0,0
870,45.82,27,450875600,171.24,1,2,6,2,0,0,1,0,0,0,0,0,0,0,1
871,76.79,27,389739840,235.94,0,5,17,6,0,0,0,0,1,0,0,0,0,0,0
872,70.05,33,528924550,203.44,0,3,12,3,0,0,0,0,0,0,0,1,0,0,0
873,72.19,32,427473060,250.32,1,4,16,4,0,1,0,0,0,0,0,0,0,0,0
874,77.35,34,506313990,167.26,0,3,10,2,0,0,0,0,0,0,1,0,0,0,0
875,40.34,29,227849650,173.75,0,3,13,2,0,0,0,0,1,0,0,0,0,0,1
876,67.39,44,358800820,107.19,0,1,3,6,0,0,1,0,0,0,0,0,0,0,1
877,68.68,34,540542940,187.03,1,7,28,4,0,0,0,0,1,0,0,0,0,0,0
878,81.75,43,367645250,249.45,0,6,23,1,0,1,0,0,0,0,0,0,0,0,0
879,66.03,22,415957290,217.37,0,5,22,1,1,0,0,0,0,0,0,0,0,0,0
880,64.92952381,33,157192280,154.93,1,5,19,5,1,0,0,0,0,0,0,0,0,0,1
881,79.18,31,409107930,236.96,0,1,1,6,0,0,0,0,0,1,0,0,0,0,0
882,86.81,29,355745180,199.62,1,2,7,6,0,0,0,0,0,0,1,0,0,0,0
883,41.53,42,473025840,158.81,0,5,21,0,0,1,0,0,0,0,0,0,0,0,1
884,70.92,39,465659530,249.81,1,7,29,3,0,0,0,0,0,0,0,0,1,0,0
885,46.84,45,244325690,123.22,0,5,19,6,0,1,0,0,0,0,0,0,0,0,1
886,44.4,53,301516460,140.95,1,6,26,3,0,0,1,0,0,0,0,0,0,0,1
887,52.17,44,403162900,115.37,1,2,8,2,0,0,0,0,0,0,0,0,0,1,1
888,81.45,31,462191170,205.84,1,5,22,0,0,1,0,0,0,0,0,0,0,0,0
889,54.08,36,371090580,111.02,1,6,22,3,0,0,0,0,0,0,0,0,0,1,1
890,76.65,31,427822500,238.43,0,4,16,0,0,0,0,0,0,0,0,0,0,1,0
891,54.39,20,367942540,171.9,1,2,9,0,0,0,0,1,0,0,0,0,0,0,1
892,37.74,40,460414430,190.95,0,5,21,4,0,0,0,0,0,0,1,0,0,0,1
893,69.86,25,353545080,241.36,0,1,2,1,0,0,0,0,0,0,1,0,0,0,0
894,85.37,36,463838130,194.56,1,1,4,2,0,0,0,0,0,0,0,0,0,1,0
895,80.99,26,248653160,207.53,1,6,23,4,0,0,0,1,0,0,0,0,0,0,0
896,78.84,32,437013850,235.29,1,4,14,5,0,0,1,0,0,0,0,0,0,0,0
897,77.36,41,347179560,115.79,0,2,8,4,0,0,0,0,0,0,0,0,0,1,1
898,55.46,37,294552230,108.1,0,2,7,6,0,0,0,0,0,0,0,0,0,1,1
899,35.66,45,323383130,151.72,0,4,17,4,0,0,0,0,0,0,1,0,0,0,1
900,50.78,51,349699000,122.04,0,2,6,3,0,0,0,0,0,0,0,1,0,0,1
901,40.47,38,168552510,203.9,0,7,29,4,0,0,0,0,0,0,0,0,1,0,1
902,45.62,43,375534670,121.28,0,6,25,6,0,0,0,1,0,0,0,0,0,0,1
903,84.76,30,427273910,178.69,0,5,19,5,1,0,0,0,0,0,0,0,0,0,0
904,80.64,26,328819050,221.59,0,5,21,1,0,0,0,0,0,0,1,0,0,0,0
905,75.94,27,371297570,236.96,1,2,7,1,0,0,1,0,0,0,0,0,0,0,0
906,37.01,50,341782980,216.01,0,3,11,6,0,0,1,0,0,0,0,0,0,0,1
907,87.18,31,408015020,193.6,0,1,4,6,0,0,0,0,0,0,0,0,1,0,0
908,56.91,50,152412540,146.44,0,4,13,4,0,1,0,0,0,0,0,0,0,0,1
909,75.24,24,365770370,226.49,0,2,8,3,0,1,0,0,0,0,0,0,0,0,0
910,42.84,52,189512890,182.2,1,3,12,0,0,0,0,0,0,0,0,1,0,0,1
911,67.56,47,354398170,109.98,0,2,6,4,0,0,0,1,0,0,0,0,0,0,1
912,34.96,42,258394570,160.49,1,6,22,2,0,0,0,0,0,0,0,0,1,0,1
913,87.46,37,427063700,211.56,1,6,24,3,0,0,0,0,0,1,0,0,0,0,0
914,41.86,39,371292390,128.62,1,3,12,5,0,0,0,1,0,0,0,0,0,0,1
915,34.04,34,281279880,174.88,1,2,7,1,0,0,0,0,0,0,1,0,0,0,1
916,54.96,42,415938460,113.75,1,2,8,6,0,1,0,0,0,0,0,0,0,0,1
917,87.14,31,407646470,199.4,1,5,20,2,0,0,0,0,0,0,0,0,0,1,0
918,78.79,32,478271360,215.29,1,2,7,6,0,0,0,0,0,1,0,0,0,0,0
919,65.56,25,487524450,181.25,1,1,1,1,0,0,0,0,0,0,1,0,0,0,0
920,81.05,34,378317730,245.5,0,5,20,2,0,0,0,0,0,0,0,1,0,0,0
921,55.71,37,399068320,112.52,1,3,9,6,0,0,0,0,0,0,0,0,0,1,1
922,45.48,49,373357320,129.16,1,5,20,3,0,0,1,0,0,0,0,0,0,0,1
923,47,56,353440150,149.53,0,4,17,4,0,0,0,0,0,1,0,0,0,0,1
924,59.64,51,500189340,153.12,1,5,18,1,0,0,1,0,0,0,0,0,0,0,1
925,35.98,45,302693160,150.79,0,6,26,0,0,0,0,0,1,0,0,0,0,0,1
926,72.55,22,412671070,179.8636198,0,2,6,0,0,0,0,0,0,0,0,0,1,0,0
927,64.92952381,38,257838280,184.98,0,2,8,0,0,0,0,0,0,1,0,0,0,0,0
928,80.53,29,464415700,187.64,0,3,12,0,0,0,0,0,0,0,0,0,1,0,0
929,82.49,45,270517800,130.84,0,5,22,1,0,0,0,0,0,0,0,1,0,0,1
930,80.94,36,425621000,239.94,0,1,0,4,1,0,0,0,0,0,0,0,0,0,0
931,61.76,34,234877300,114.69,0,5,21,4,0,1,0,0,0,0,0,0,0,0,1
932,63.3,38,441499380,116.19,0,5,19,0,0,0,0,0,0,1,0,0,0,0,1
933,36.73,34,327161380,149.79,1,6,26,0,0,0,0,0,1,0,0,0,0,0,1
934,78.41,33,387580690,248.23,1,6,22,4,0,0,0,0,0,0,0,0,0,1,0
935,83.98,36,478141370,194.62,0,2,8,2,0,0,0,0,0,0,0,0,1,0,0
936,63.18,45,274480430,107.92,0,3,9,5,0,1,0,0,0,0,0,0,0,0,1
937,50.6,48,461696970,135.67,0,1,2,4,0,0,0,0,0,0,0,0,0,1,1
938,32.6,38,281114400,190.05,0,2,6,4,0,1,0,0,0,0,0,0,0,0,1
939,60.83,19,283351810,185.46,1,2,7,4,0,0,0,0,0,0,1,0,0,0,0
940,44.72,46,283279710,123.86,1,3,10,5,0,0,0,0,0,1,0,0,0,0,1
941,78.76,51,468861890,162.05,0,7,29,5,0,0,0,0,1,0,0,0,0,0,1
942,79.51,39,244595820,125.11,1,3,9,6,0,0,0,0,1,0,0,0,0,0,1
943,39.3,32,338346400,145.73,0,2,8,2,0,0,0,0,0,0,0,1,0,0,1
944,64.79,30,295761130,116.07,0,2,7,2,0,0,0,0,1,0,0,0,0,0,1
945,89.8,36,401313010,198.24,0,2,5,1,0,0,1,0,0,0,0,0,0,0,0
946,72.82,34,530388740,191.82,1,1,4,2,0,0,0,0,1,0,0,0,0,0,0
947,38.65,31,362688970,154.77,1,5,21,1,1,0,0,0,0,0,0,0,0,0,1
948,59.01,30,526861720,178.75,1,2,6,0,0,0,0,0,0,0,0,1,0,0,1
949,78.96,50,489079360,193.15,0,2,6,4,0,0,0,0,0,0,0,0,1,0,1
950,63.99,43,509616940,138.46,0,1,2,0,1,0,0,0,0,0,0,0,0,0,1
951,41.35,27,274354150,162.46,1,3,9,3,1,0,0,0,0,0,0,0,0,0,1
952,62.79,36,128579990,231.87,1,5,22,0,0,0,0,0,0,0,1,0,0,0,1
953,45.53,29,392909230,141.58,0,4,16,4,0,0,0,0,0,0,1,0,0,0,1
954,51.65,31,412975920,249.99,0,5,21,2,0,0,0,0,0,0,0,0,1,0,0
955,54.55,44,290833340,109.04,0,2,5,3,0,0,0,1,0,0,0,0,0,0,1
956,35.66,36,414681680,172.57,0,2,7,6,0,0,0,0,1,0,0,0,0,0,1
957,69.95,28,397078290,247.01,0,4,17,3,0,0,0,1,0,0,0,0,0,0,0
958,79.83,29,390351010,234.23,1,5,20,2,0,0,0,0,0,0,0,0,1,0,0
959,85.35,37,449648570,161.42,1,2,7,2,1,0,0,0,0,0,0,0,0,0,0
960,56.78,28,279575730,124.32,0,6,24,6,0,0,0,0,0,0,1,0,0,0,1
961,78.67,26,443239930,195.56,0,2,7,5,0,0,1,0,0,0,0,0,0,0,0
962,70.09,21,383081090,211.17,0,1,3,4,0,0,0,0,0,0,0,0,1,0,0
963,60.75,42,488430250,247.05,1,2,7,4,0,1,0,0,0,0,0,0,0,0,0
964,65.07,24,402818920,233.85,0,1,0,6,1,0,0,0,0,0,0,0,0,0,0
965,35.25,50,329357140,194.44,0,1,0,6,0,0,0,0,0,0,1,0,0,0,1
966,37.58,52,361203290,176.7,1,4,15,2,0,0,0,0,0,0,0,0,0,1,1
967,68.01,25,478505720,188.32,1,1,0,4,0,0,0,0,0,0,1,0,0,0,0
968,45.08,38,247444820,125.27,0,3,12,6,0,0,1,0,0,0,0,0,0,0,1
969,63.04,27,488493950,159.05,0,7,27,6,0,0,0,0,0,0,0,1,0,0,1
970,40.18,29,355321610,151.96,0,6,25,5,0,0,0,0,1,0,0,0,0,0,1
971,45.17,48,240926630,132.07,1,1,4,2,0,0,0,0,0,0,0,0,0,1,1
972,50.48,50,144150930,162.43,0,5,20,0,0,0,0,0,1,0,0,0,0,0,1
973,80.87,28,444701600,203.3,0,2,8,5,0,0,0,0,0,0,0,0,1,0,0
974,41.88,40,309523760,126.11,1,2,8,6,0,0,0,0,1,0,0,0,0,0,1
975,39.87,48,335508810,139.34,1,6,24,0,0,0,0,0,0,1,0,0,0,0,1
976,61.84,45,322170030,105.63,1,5,18,3,0,0,0,0,0,0,0,0,1,0,1
977,54.97,31,399068320,116.38,1,7,27,3,0,0,0,0,0,0,0,0,0,1,1
978,71.4,30,505322300,166.31,0,5,21,1,0,0,0,0,0,0,1,0,0,0,0
979,70.29,31,398821570,254.65,1,3,13,2,0,0,0,0,1,0,0,0,0,0,0
980,67.26,57,179778550,168.41,1,5,21,4,0,0,0,1,0,0,0,0,0,0,1
981,76.58,46,293192480,258.26,0,1,0,6,0,0,0,0,1,0,0,0,0,0,0
982,54.37,38,505374030,140.77,0,6,25,5,0,0,0,0,0,0,0,0,1,0,1
983,82.79,32,381004190,234.81,1,2,8,2,0,0,0,0,0,0,1,0,0,0,0
984,66.47,31,406263620,256.39,1,3,9,3,0,0,1,0,0,0,0,0,0,0,0
985,72.88,44,448078820,125.12,0,4,16,3,0,0,1,0,0,0,0,0,0,0,1
986,76.44,28,419770330,232.68,1,4,14,2,0,0,0,0,0,0,0,0,1,0,0
987,63.37,43,302086330,105.04,1,3,12,2,0,0,1,0,0,0,0,0,0,0,1
988,89.71,48,360509660,204.4,1,2,7,2,0,0,0,0,1,0,0,0,0,0,0
989,70.96,31,386314950,256.4,0,6,25,6,0,0,0,0,0,1,0,0,0,0,0
990,35.79,44,236691560,165.62,1,4,16,2,0,0,0,0,1,0,0,0,0,0,1
991,38.96,38,255480540,179.8636198,1,7,29,3,0,0,0,0,0,0,0,0,0,1,1
992,69.17,40,463356670,123.62,0,3,9,6,0,0,0,0,0,0,0,1,0,0,1
993,64.2,27,463406720,227.63,1,2,6,3,1,0,0,0,0,0,0,0,0,0,0
994,43.7,28,441888720,173.01,0,4,14,0,0,0,1,0,0,0,0,0,0,0,1
995,72.97,30,499691990,208.58,1,2,6,3,0,0,0,1,0,0,0,0,0,0,1
996,51.3,45,474475190,134.42,1,4,16,4,0,1,0,0,0,0,0,0,0,0,1
997,64.92952381,51,296910040,120.37,1,2,5,0,0,0,0,0,0,0,0,0,0,1,1
998,55.55,19,293445530,187.95,0,3,12,3,1,0,0,0,0,0,0,0,0,0,0
999,45.01,26,209130600,178.35,0,6,22,4,0,0,0,0,0,0,0,0,0,1,1
